DSSELMYKCY,GATAGCTCAGAACTAATGTATAAGTGCTAC,36.014489644521376,0
HKVCDGENAL,CACAAAGTGTGTGATGGCGAAAATGCCCTC,33.84642844259165,43.00048704782166
MYMCQLYSCD,ATGTACATGTGCCAGTTATACAGCTGTGAT,31.95583292596626,0
VKAAAHASHA,GTTAAAGCGGCCGCGCACGCAAGCCATGCC,33.82212474259925,36.262008975263164
ISEAVCKLLM,ATTAGCGAAGCTGTGTGCAAGCTGCTTATG,35.53967321400512,39.21953718948821
PRSTSGLKHP,CCACGTAGCACCTCTGGCCTCAAACACCCT,37.794168898063404,37.43008484347849
CPAVAAKLMK,TGCCCGGCGGTTGCTGCCAAATTGATGAAA,37.33222705221889,0
HLLWGTCCKE,CACCTGCTGTGGGGTACCTGTTGCAAAGAA,32.08686966896264,0
QPGVYSSQGH,CAGCCTGGCGTGTATAGCTCGCAGGGTCAT,36.49918329178453,47.043322144031535
LGRCVAGCCV,CTCGGTCGGTGCGTAGCGGGCTGCTGCGTG,36.86154067162754,40.679360920351776
GSSDVPLKFA,GGGTCATCCGATGTGCCGTTGAAATTTGCC,34.837598995564086,38.12763515198614
VLSLHCHEGG,GTTCTGTCACTGCACTGTCACGAAGGTGGT,36.55424383270606,42.87404235428547
IITDVSRRSL,ATCATCACCGACGTTTCTCGTCGGAGCCTG,34.520063841838066,40.59299930854541
MTLNRSSPAF,ATGACCCTGAATCGCAGCTCCCCGGCTTTT,31.993617270867798,33.808430554158456
CLRHQGYTHM,TGCCTGCGCCATCAGGGTTATACGCATATG,35.884662722907485,32.06924716237797
YSSSPMLHFV,TATAGCAGCTCACCAATGCTCCATTTCGTG,35.58135358382522,40.392918944746356
SVSEVIRQHV,TCCGTATCAGAGGTCATTAGACAACACGTA,39.71561420806858,42.51373813187177
YKSKQPRPSW,TATAAGTCAAAACAACCACGCCCAAGCTGG,38.21944684558386,44.60922453369776
PLMQQTSVYC,CCGTTAATGCAGCAGACAAGTGTATACTGC,36.02021696169939,42.36936462213421
RCDHTVYLCC,CGTTGTGATCATACCGTCTACCTTTGCTGC,34.91005123422068,37.006551143110556
FYKLYSGSIH,TTTTATAAACTGTACAGTGGAAGCATTCAC,35.30559040138324,39.26631665576759
ATCDVISQRI,GCTACATGCGATGTGATATCACAGCGTATC,37.14322210169581,35.03174374478144
AGLLLHANRS,GCAGGCTTACTCCTGCACGCTAATCGTAGT,38.99653337760183,41.884065339137756
MTVTGGVTFY,ATGACGGTCACAGGTGGTGTAACCTTTTAT,37.04477297201572,41.778283206593734
GTYCEVPAIG,GGTACTTACTGCGAAGTGCCGGCCATTGGT,36.64671721833152,39.586003815456365
FFSSCVYVYS,TTTTTCTCGTCTTGTGTATACGTATATTCA,39.49886327278584,35.756568229522856
NCDWHTFGRH,AACTGCGATTGGCACACCTTCGGTCGGCAT,32.453588425006735,44.30578348109289
FPAAAHHRRN,TTCCCGGCAGCAGCACATCATCGCCGTAAC,32.360749333943616,36.36196938260108
AAGFIRVTSR,GCCGCGGGGTTCATCCGTGTTACCAGCCGC,35.870071659049245,33.476296146475164
TMTSHISYGI,ACAATGACCTCGCACATCTCCTACGGAATC,39.51684941356514,46.65507339857827
VIVCSVIRIL,GTAATTGTGTGCTCGGTGATCAGGATCCTC,38.29751675095077,44.2509644942088
PAPWRVRVKC,CCGGCTCCATGGCGCGTGCGTGTGAAATGC,31.21606125398881,35.42019999974768
TEHAGRSRHI,ACGGAACACGCAGGACGTTCACGTCATATC,35.072081116236916,37.433738248080175
KLFAYTVVIA,AAGCTGTTTGCCTATACCGTAGTGATTGCG,33.9870129245184,35.59607865352354
GRKLKFEHWC,GGTCGCAAATTAAAATTCGAGCATTGGTGT,34.35359855307226,44.82294236416513
GFDKVRVITW,GGCTTTGACAAAGTCCGTGTTATCACCTGG,35.58127915827255,40.26152094399471
QVNQITSTPE,CAGGTGAACCAAATCACAAGTACACCTGAA,38.84023743638001,45.82549448888167
DHQAIPTGIV,GATCATCAGGCGATCCCCACAGGAATTGTG,39.946324083067054,40.80011985847703
YAGYDCVHQY,TACGCGGGATATGATTGTGTACACCAGTAC,35.20768417854403,42.66386810913748
NGVSCDCKLV,AATGGCGTGTCTTGCGATTGTAAACTGGTG,31.379639136404883,38.20629552674575
VCQTSHPMQC,GTTTGCCAAACGTCTCATCCCATGCAATGC,35.193125190604874,51.63469292698818
MFCAQSHHLS,ATGTTTTGCGCGCAGTCCCATCATTTGTCA,35.81329986046261,35.32265712453573
IEKFYFECVH,ATCGAAAAATTTTATTTCGAATGTGTGCAC,33.1408946959723,39.186532179250364
HRSVVGTSRN,CATCGTAGCGTTGTTGGTACATCCAGGAAC,36.502888070651615,33.58971720010133
AVVYAQAACK,GCTGTTGTGTACGCCCAGGCTGCGTGCAAA,36.474566058830355,40.96990338834926
QQDYAAPCSY,CAGCAAGACTATGCGGCCCCTTGCAGCTAT,34.53378599999693,38.89601194785139
HCNYEFFARV,CACTGCAATTATGAATTTTTCGCGCGAGTG,36.131204981293784,0
SSGLSPLMQE,TCGTCCGGCCTTTCACCGCTTATGCAAGAG,40.61073105559616,0
PGYDPVVSAS,CCGGGTTATGATCCCGTGGTATCTGCTAGC,38.45659892671339,36.05977296684455
AATKLVKVPK,GCTGCGACCAAACTGGTTAAAGTTCCAAAA,35.4777588818281,39.67680151821646
MSVICYWYVL,ATGTCAGTCATTTGTTACTGGTATGTTTTG,33.935008094091906,39.43819056863398
QCLNAVHWCY,CAGTGTCTAAACGCAGTGCATTGGTGCTAT,33.955714881724504,37.18429096215189
HLVINRCYGV,CACCTCGTGATTAATCGTTGTTACGGTGTC,34.79450223138672,33.53469669582224
YRDQTFSPRC,TATCGCGATCAGACCTTTTCACCGCGTTGT,33.634079613063086,37.084241804809494
ESVELLIEKR,GAATCCGTCGAACTGCTGATAGAAAAACGA,38.500928538480245,47.31090798770195
IREVGVSCRA,ATTCGTGAGGTGGGTGTGAGCTGTCGCGCT,35.205791469423694,41.663585512587034
IECTDASRPY,ATTGAGTGTACTGACGCCTCTCGTCCGTAC,37.37892391141187,43.05601792128338
TYTESAAQFD,ACCTATACAGAGAGTGCGGCCCAATTTGAT,36.96186294027124,34.94470808000157
NPSTVHRGSP,AATCCGTCCACGGTCCACCGGGGCTCACCT,39.28135195301886,40.900568025856444
GVRRDSCTGY,GGTGTGCGACGCGATTCGTGTACCGGGTAT,36.40454270835692,39.269354170194795
WTIRVSSDHL,TGGACAATCCGTGTGAGCTCAGACCATTTG,37.09763130325147,34.9352329824902
CKTGTVVHKS,TGTAAAACGGGGACCGTCGTTCACAAATCG,35.70614984703072,39.76131843477184
GPHRPLVREY,GGTCCCCATCGCCCGCTGGTTCGGGAGTAC,37.850445423699746,41.605757501656306
SLCGFFDRRD,AGCTTGTGTGGATTCTTTGACAGACGTGAC,42.364304636131216,42.06023539216597
GLEKSDSLSN,GGTCTGGAAAAGTCCGACAGTCTGAGTAAC,36.434941392339184,49.78527909099232
SATEINGYSP,AGCGCCACAGAAATCAACGGATATTCACCG,37.601431013612554,49.00835514858003
EPIGSMSLEV,GAACCGATTGGAAGTATGTCACTGGAAGTA,39.52046111516668,44.5180066923889
RHKGIHRNLK,CGCCATAAAGGTATTCATCGAAATCTGAAA,33.955287480890654,48.84984778019351
TATRAVRCCG,ACCGCGACCCGCGCAGTCCGATGCTGTGGT,36.00958882688565,37.69526414940377
DCTPKGESFY,GATTGCACGCCTAAAGGAGAATCGTTTTAT,35.40979485811554,46.283731965018475
PAQLSAGAPS,CCAGCGCAACTTAGTGCTGGAGCTCCGTCA,39.60970467953736,45.78444763458816
YRCWILKPVC,TATCGCTGTTGGATCCTGAAACCGGTATGC,34.35163470070739,42.93545892624697
HTLLCYWRTS,CATACATTACTGTGCTATTGGCGGACGAGC,34.0094737726065,37.3146732365545
LLIIRSFYVR,CTCCTGATCATTAGGTCATTTTACGTGCGT,36.822319156279065,42.1874518672446
VQRVRSDRCW,GTTCAGCGCGTCCGTTCAGATCGCTGTTGG,35.147659172299754,31.387475081623727
ESAPVCDLFQ,GAAAGCGCGCCGGTTTGTGACTTGTTTCAG,33.22765885751759,44.08729471896037
WLEVPQYVSW,TGGCTGGAGGTACCACAGTATGTCAGTTGG,34.55644804747427,37.48093920240765
MIRSRAQIWP,ATGATTCGTTCGCGCGCTCAGATCTGGCCG,30.70161352595886,35.05352816958619
AVRVPSVSHP,GCAGTTCGTGTGCCGAGTGTCTCGCATCCC,36.003990977192856,36.793687159090645
FMLMESEAKA,TTCATGTTAATGGAGTCTGAAGCCAAAGCG,36.85757050343616,0
NQAVSNQTHS,AACCAGGCAGTCTCTAATCAGACGCACAGC,36.92686888829438,44.97876484637621
PLYENTALQS,CCATTATACGAGAACACTGCTCTGCAGAGC,37.79680467009963,38.39336780073463
QRRNDAECPL,CAACGCCGCAATGATGCGGAATGCCCGCTG,35.36753542623604,41.42362824769895
DCTDSTSEMF,GACTGCACGGATTCCACTAGTGAAATGTTT,35.95145203459869,0
ILEYTTVITS,ATCCTAGAGTATACCACCGTCATCACGTCG,37.65214222110843,37.80933359314563
DAAQLVIPQD,GATGCGGCACAACTGGTCATCCCTCAAGAT,34.83098228900637,40.746671227234124
KLIRNLEIRL,AAGCTGATTCGGAACCTGGAGATTCGTCTG,34.11328999025336,45.669311149081985
ADSPMAIRSD,GCAGATTCACCGATGGCTATTCGGTCGGAC,36.24203978634782,36.65025362774892
VISYTLWGRA,GTCATTTCCTACACGCTGTGGGGGCGTGCA,36.69021409778364,44.96754351927929
KGSRTVSSQR,AAAGGCTCCCGCACCGTTAGCAGCCAACGC,34.64255978838941,44.62692424942398
AATLWYILST,GCTGCCACTCTCTGGTACATCCTGAGCACC,36.058291697646894,40.80837774553808
MTPMQSCHCT,ATGACGCCGATGCAAAGCTGCCATTGCACC,34.240233459884905,35.5935159442358
DCTGWRKFAI,GATTGTACCGGCTGGCGTAAATTTGCCATT,31.58509770433246,33.55351963973209
TSNAFVGTGY,ACCAGTAACGCGTTTGTCGGTACCGGTTAT,35.42920939146635,31.796297297984186
TRNTCIRHPV,ACTAGGAATACGTGTATCCGCCACCCGGTG,36.16868069225961,40.629251350206864
HKFQHKHFDM,CATAAGTTCCAGCACAAACACTTCGATATG,32.53405328434322,41.947167481584245
CSRVDVRCWP,TGTTCCCGCGTCGATGTTCGGTGTTGGCCT,34.625289397680476,38.07627899572992
RSCDIRPVTD,CGCTCCTGCGATATCCGTCCAGTAACTGAC,37.044393771517555,37.97548779761146
FASAHSLLEF,TTTGCTTCCGCGCATTCTCTGTTAGAGTTC,36.06574888211248,40.090099947782775
EVRSSARHGV,GAAGTGCGCTCGTCTGCCCGTCATGGCGTT,33.37617097398224,34.47038272175336
YPDWTPDDFS,TATCCGGACTGGACCCCGGATGATTTCTCC,35.623647689923374,0
YGLGWEYVKI,TATGGTCTGGGCTGGGAATACGTTAAAATT,34.49343645450978,0
PSRRKGRLFD,CCGTCCCGCCGTAAGGGTCGCCTGTTTGAT,35.212999526380436,35.43345445711554
CGSNADMWRY,TGTGGGTCCAACGCCGACATGTGGCGTTAT,38.41929158908387,0
KLRPLHHNFY,AAGCTGCGCCCGCTTCATCACAACTTCTAT,34.954369036030116,39.704249511633286
RVPRCYMTFA,AGGGTCCCCCGTTGTTATATGACCTTTGCA,35.92204215437348,39.59834092877467
AGIRALPQCI,GCCGGTATTCGTGCGCTGCCGCAATGCATT,34.448577462349924,36.96687433837003
QASPVVCLNT,CAAGCTAGTCCCGTGGTGTGCCTTAATACT,38.52361176882903,36.79890194028796
QTFAVRSRSK,CAGACGTTCGCCGTTCGCTCCCGAAGCAAA,33.52481274089725,35.15710934896546
TTFPALVSNG,ACCACCTTCCCGGCGCTGGTGTCGAACGGC,35.11683894883997,38.38321504043926
NSLVSRTCSV,AATAGCTTAGTGAGCCGAACCTGCTCCGTG,34.953891726927615,34.91222052203711
CSLRPLREQR,TGTTCCCTGCGCCCGTTACGGGAACAGCGC,35.52947254487346,41.20902573713771
MARSNSPAIV,ATGGCGCGAAGTAATTCCCCGGCGATCGTT,35.02949859220803,36.07991601351874
HSYWRCSREK,CATAGCTATTGGCGCTGCTCCCGTGAAAAA,31.855445432940652,38.09737007020073
YGLQSVLNGG,TACGGTCTGCAGTCGGTTCTCAATGGCGGC,37.63330056935377,43.90901480987889
LPKESLATME,CTGCCGAAAGAAAGTCTTGCGACGATGGAG,36.18618162118301,33.96000758594853
FYSRHAHWIA,TTTTATAGCCGTCACGCGCATTGGATTGCG,32.10991713438855,37.69845704650262
YTCQRHYKDM,TATACCTGTCAGCGCCATTATAAAGATATG,33.12057925820034,35.97505650893077
DCDRVSSPKS,GATTGCGATCGGGTGTCCAGTCCGAAGTCA,35.608717575933625,39.69251741579962
PRFVSEYIVS,CCGCGTTTCGTCAGTGAGTATATCGTTAGC,35.99984088995406,37.45260062142225
NAELKHYRSP,AATGCCGAACTGAAACACTACCGCTCACCG,36.631604881821076,39.568550226516265
LLKVGFALLY,CTGTTGAAAGTCGGTTTTGCGCTGCTGTAT,33.97558107130304,34.434260673454624
GYCCDVPSPA,GGTTATTGCTGCGATGTTCCTTCCCCCGCG,35.14520454401431,36.63309085737253
CMAAFRPCVR,TGCATGGCGGCCTTCCGTCCTTGTGTTCGC,34.32833324692286,38.872319840755765
GYTAAPWDKC,GGCTACACAGCTGCGCCATGGGACAAATGC,34.74261154830534,33.13551503749421
RWLQYKSVES,CGCTGGCTGCAATACAAGAGCGTTGAGTCA,37.22036477004071,32.135720210234894
RATCSCDQIT,CGTGCGACCTGCTCCTGCGATCAGATCACC,32.96197797066954,36.54492947151935
VVRHFAAPYK,GTAGTCCGTCACTTCGCGGCGCCGTATAAA,32.98117421157171,35.71874184056358
VGISNEYPWS,GTGGGCATTAGTAACGAGTACCCGTGGAGT,38.290267486779186,48.542138791492334
CWYEYPWLSV,TGCTGGTACGAATATCCTTGGCTGAGCGTG,31.39149550459877,43.74333129138017
FALSTSTSAL,TTTGCCCTAAGCACCTCCACGTCAGCCCTG,37.23167809874688,37.48424447057156
KGVTLLRYIC,AAGGGCGTGACGCTGCTGCGATATATTTGC,36.02606158385509,45.263419747099555
RHHADSYLSL,CGTCATCACGCTGACTCCTACCTGTCGCTG,36.6807983487058,40.70343717175105
WPFPVCIGFP,TGGCCGTTTCCGGTTTGCATAGGTTTCCCC,35.64386688576348,46.08910590712391
FLHAAPWRNS,TTCCTGCATGCAGCGCCTTGGCGTAATTCA,32.908911239995966,30.828822506473003
ICVDGCHMYE,ATTTGTGTGGATGGGTGCCACATGTACGAA,35.26164578956142,0
RSDAHVSSAI,CGCAGCGACGCTCATGTCTCTAGCGCGATT,36.346128642797424,37.3588025277269
PAHSESCGTV,CCGGCTCACAGTGAGTCATGTGGCACTGTG,37.14377711729396,44.15689675978432
RPVRCMCFAQ,CGACCAGTCCGCTGTATGTGTTTCGCACAG,37.102738680587784,41.13492620012691
SNQILLVKFG,TCGAATCAGATTCTGCTGGTTAAATTCGGT,32.646032498969525,44.6436377005188
KSLHPHHVIE,AAAAGCCTGCATCCGCATCACGTGATTGAG,32.429830377531566,37.7994355296969
LEIPVFQENF,CTCGAAATACCGGTATTCCAGGAAAATTTT,39.81050349109533,47.61135867609005
AAAVSPGDRC,GCGGCGGCAGTAAGTCCCGGCGACCGCTGT,36.957217714623646,42.5031877563275
VRSSVAAALV,GTGCGTTCCTCCGTAGCAGCCGCGCTTGTC,36.38798567202041,37.37968449783721
DFQLHSNNCH,GATTTCCAGCTGCACTCTAATAACTGTCAC,39.34367395490042,41.543431184305184
CEVDLPILWY,TGCGAGGTGGATCTTCCTATTTTGTGGTAT,37.35620618511372,43.11531535352975
AAARKLLTIC,GCTGCGGCGCGCAAACTTCTAACCATTTGT,38.12032998711146,44.0097108766509
GSHVSVKGSS,GGTTCTCACGTTTCTGTGAAAGGGTCGTCC,37.66596254982747,39.146551462895836
FVRSQLLRVH,TTTGTACGCAGTCAGTTGCTGCGCGTCCAC,35.71866594300023,37.13613617502541
VVCSECDAKG,GTTGTGTGCTCTGAGTGCGACGCGAAGGGC,35.77125725616586,40.454716063456466
TCDGWPKEVI,ACCTGCGACGGCTGGCCGAAAGAAGTTATT,32.86224784036459,39.48412316954096
ETQHHHPENT,GAAACACAGCACCATCACCCAGAAAACACG,36.31008113409466,38.77918519837101
FKPSLCEDVL,TTTAAACCCTCTCTGTGCGAAGACGTTTTG,38.38811934533689,0
ADMQIEPNLH,GCTGACATGCAAATTGAGCCTAACCTGCAT,37.26920198631739,0
STKLHNADHP,AGTACAAAGCTGCACAACGCGGATCATCCT,37.18752039460606,0
QCINQTYWGR,CAGTGCATAAATCAAACTTATTGGGGTCGT,37.039300073776445,0
HWRHRTDGLV,CACTGGCGCCATCGGACCGATGGGCTGGTG,33.33363334336375,35.92492316295118
SYRTTSCVAV,TCCTATCGTACAACGTCATGTGTGGCAGTC,40.560984493061405,40.21266834485309
HNAATCILVL,CACAACGCTGCAACATGTATTCTGGTGCTG,34.02092627067658,40.3957914931861
IIWLQHFWRN,ATAATCTGGCTGCAACATTTTTGGAGGAAT,36.12430816750156,0
CCARHCLRCV,TGTTGTGCCCGCCACTGTTTACGGTGCGTT,36.27048218850066,38.11721993123724
GRSYEAPRIL,GGCCGTTCTTATGAAGCCCCGCGTATTCTG,32.858858260090656,43.638865337703905
FLTENSILHT,TTCTTAACGGAGAACTCCATCTTACATACC,39.81284881075329,44.999716436538534
NDLPRCHSHK,AACGATTTACCGCGATGCCACTCACATAAA,36.58848877398433,28.387034811547334
PWRSFADCVV,CCGTGGCGTAGCTTTGCTGACTGTGTGGTT,31.253499113683496,30.366553660176304
PAICNCPVFE,CCCGCTATTTGCAACTGTCCAGTGTTTGAG,38.687102851381425,40.98638353583292
PALNSAQDSK,CCGGCTCTCAACAGCGCTCAAGATTCTAAA,37.1638676510234,44.028630766832336
HRFAQVGGRR,CATCGCTTCGCCCAGGTAGGCGGTCGCCGG,35.383284744126804,46.52587417165602
EFYVVYLNAD,GAGTTTTATGTAGTTTATCTGAACGCCGAT,34.55161695581079,0
SDRTSAPFAP,AGTGACCGCACATCCGCTCCGTTTGCTCCA,39.10870076084747,36.64125323457165
DGSVRAVSCK,GACGGCTCTGTTCGTGCCGTTTCCTGCAAA,35.73727281438996,38.45757230005346
WVSESNKSRC,TGGGTAAGCGAATCGAATAAATCGCGTTGC,35.65114025244383,35.47792515008438
SDDALMQSLC,TCTGATGACGCCCTGATGCAGTCCCTTTGC,36.80061330174434,44.22104975685833
VMYTREYAAH,GTGATGTACACGCGCGAATATGCAGCGCAT,33.2058203756844,42.047705288594386
MCYAFASACV,ATGTGTTATGCTTTTGCCAGCGCATGTGTA,34.33579641851302,40.59665358525477
DYTMVCYSCH,GACTATACTATGGTTTGTTACTCGTGCCAC,35.31891577780211,37.489458865155626
PCAWRSQFES,CCCTGCGCGTGGCGCAGCCAATTTGAGTCA,36.569631410245904,45.01169010696375
TDCYVCPASM,ACCGACTGTTATGTTTGTCCGGCAAGCATG,34.68502934228618,40.636557555845705
LCSCIENEAL,CTTTGCAGTTGCATTGAAAACGAAGCGCTG,36.448218871898966,37.1597190559203
RTLIPVLFYP,CGCACCCTAATCCCCGTTCTGTTTTATCCG,38.169376574194374,46.15630647778372
RVAQDLTGCN,CGTGTAGCCCAGGATTTAACGGGATGCAAT,38.34436199037937,46.07208980188598
EKGCSRHAIG,GAAAAAGGTTGTTCGCGTCACGCGATCGGG,33.7661666256862,38.996901551956896
WPKWHESMTV,TGGCCCAAATGGCATGAGTCGATGACCGTG,36.03119232939807,43.64698790006669
RNAVSSDYVS,CGTAACGCGGTATCCTCAGATTATGTGAGC,34.26524080134989,38.73826121514238
WTQHFPYWLS,TGGACCCAACATTTCCCTTATTGGCTGTCT,35.20425165934898,41.77351352250745
NSVHTHEQHI,AACAGCGTTCACACACATGAACAACATATC,33.89953686919093,40.84774033004321
RTFGRQSLIV,CGTACGTTCGGCCGCCAGTCACTGATAGTG,36.77420346661216,38.5744975178212
DMQVRFAQLN,GATATGCAGGTCCGTTTTGCCCAGCTTAAC,32.371973049333995,40.376112601685286
TMAAGYAACF,ACGATGGCGGCTGGATACGCGGCATGCTTT,35.933738374483866,40.8628442160733
IPSYVSNSPH,ATTCCAAGCTATGTGTCCAATTCGCCTCAT,36.439949609876756,39.22919467286398
RLSHQTYLYS,CGTTTATCTCATCAGACGTACCTGTATAGC,37.388427555693106,41.80066521409394
TMISLLNKHN,ACCATGATTTCCTTGCTGAACAAGCATAAT,35.079450183684806,45.79763610231776
HIEAAAISYA,CACATTGAAGCGGCTGCAATTTCATACGCA,35.191120102199385,41.04687740226704
IKLRFDWRKR,ATTAAACTGAGGTTTGACTGGCGCAAACGT,35.89302655279632,38.62627214119197
WTCNTKCSSL,TGGACCTGCAATACTAAATGCTCTTCCCTG,33.203706315816035,37.521861679088126
KGSHVVIRNR,AAAGGTTCGCATGTCGTCATACGTAATCGT,35.75855123503668,35.854170866407536
FAEFAITGRH,TTTGCCGAATTCGCCATCACAGGCCGTCAT,33.22569481637732,40.03850840401525
RSPQILRAPR,CGTAGCCCGCAGATTTTACGTGCACCCCGC,33.997420361923375,38.955921705853115
AAVCIVVSHN,GCAGCCGTATGCATCGTTGTTAGCCATAAC,35.68867603324279,35.23016484948582
LECDLTCQHT,TTAGAATGCGATCTGACTTGTCAGCACACG,33.77630386991194,41.775401202732645
VMAEPVRAGS,GTGATGGCGGAACCCGTGCGTGCAGGCAGC,36.163987958150905,46.47401117641648
VLTMSHCSPT,GTTCTCACCATGAGTCACTGTTCTCCGACC,37.661860469251714,43.54123496467073
HCRPSQRTFY,CATTGCCGCCCGTCCCAGCGCACATTTTAC,36.30724573949335,39.68824338017529
SCSPDEKLRT,AGTTGTTCTCCAGACGAAAAGCTGCGAACC,39.24988010534991,40.817296266872575
EIMWRAACQP,GAAATTATGTGGCGCGCCGCTTGTCAGCCA,37.07882345155182,0
VFRSWDWPSG,GTGTTCCGTTCATGGGACTGGCCGAGCGGA,36.098729067063,36.106454267607546
KSTGVCQPCY,AAAAGCACCGGTGTATGTCAGCCATGCTAT,34.65583294818335,39.69695780845621
MNSEAKEYYN,ATGAATAGCGAGGCAAAAGAGTACTACAAT,37.2253631082153,45.230441231537206
RWRSRKIMQR,CGCTGGCGAAGCCGCAAAATCATGCAACGC,35.26027516565815,0
KVVRHRIGVI,AAAGTTGTCCGCCACAGGATAGGTGTCATT,38.00389649367244,39.810311547374475
RSQTYSHWSC,CGTAGCCAGACCTATTCGCATTGGTCATGT,34.59490255216844,37.77767890002192
NFYVLRLCDA,AATTTCTACGTGCTGCGACTGTGTGACGCA,35.78187680475068,41.43223135362747
NKAAFGKVRP,AACAAAGCAGCCTTTGGCAAAGTCAGGCCT,37.45496045127077,44.22988184370527
DDHIPTPSTN,GATGATCATATTCCCACTCCGTCAACGAAC,38.9795477638578,39.49951355883299
QLMVLHPYRH,CAGCTGATGGTACTGCACCCCTACAGACAT,38.01460570005385,38.6908222583607
WITVHKGLWL,TGGATCACCGTACATAAAGGTTTATGGCTA,36.07863357832843,34.489830564210855
FAMYINGRVH,TTTGCTATGTACATCAACGGTCGTGTTCAT,33.8396814316219,43.26927547754685
VRRLYLSRSS,GTGCGGCGTCTGTATCTGTCCCGTTCTAGC,34.83086490481139,36.483675515077195
TLEQTCLWEM,ACATTAGAACAGACATGCTTATGGGAAATG,35.74067860068858,0
TKPASRSYVL,ACCAAGCCGGCGAGCCGATCCTACGTACTG,37.75657841904502,40.79728819162291
RAGLVAGTEE,CGTGCCGGTCTGGTGGCAGGTACCGAAGAA,37.079226451283645,40.59337225436247
TSLGAQTFWQ,ACCAGCTTGGGTGCCCAAACCTTCTGGCAG,35.76220688100281,38.73293754585865
DWNSNSPRNG,GATTGGAATAGCAATTCCCCTCGTAACGGT,33.772047222450695,42.955841079479974
FYTSVILLWR,TTCTACACCTCCGTTATTCTCTTATGGCGC,33.85109923391975,41.347401254881575
HLNDVRCVCP,CATCTCAATGATGTGCGTTGTGTTTGTCCG,34.97899301011355,36.80595150201629
NSFQTKYKQP,AACTCGTTTCAAACAAAATATAAACAGCCA,35.130768074123125,45.208503020837014
MVCNHALTVR,ATGGTCTGCAACCACGCACTGACAGTCCGT,35.48115389161762,38.30136661234158
CGLTRSWPVW,TGTGGGCTGACCCGAAGTTGGCCTGTGTGG,37.9192135336338,35.40903128868556
DVKFEKSRKL,GATGTTAAGTTCGAAAAATCACGTAAACTT,34.799776717711985,43.68178972446225
VCKLEKTLYS,GTGTGCAAGCTGGAAAAAACACTTTATAGC,35.26208587033378,0
CDYIEIYCSV,TGTGATTACATTGAAATTTATTGTTCCGTG,33.25410855547347,31.316396763854556
DSVKSLCQRS,GACTCGGTCAAATCTCTGTGTCAACGTAGC,34.9787683963202,31.31862345747548
SAIHYWHWHE,AGCGCGATACACTACTGGCATTGGCATGAA,36.541951337565116,42.086985810521085
YFYRSPEQHV,TATTTTTATCGTTCGCCGGAACAGCATGTG,32.42421488763827,36.56537861703018
RVPLMEAQTE,CGTGTGCCCTTGATGGAAGCTCAGACGGAG,36.75396546464466,0
QIEHPAAEDY,CAAATCGAACATCCCGCAGCGGAAGATTAT,34.65638256670457,42.892677880979505
AIFPSCYSLV,GCAATATTCCCGTCTTGCTACTCCCTGGTC,37.35811900300264,36.50523736718921
GCVKYECPIQ,GGTTGTGTAAAATATGAATGCCCAATCCAG,36.18882432982401,38.038269289928856
LVPWLKLSPY,CTGGTTCCGTGGCTGAAGTTGAGCCCCTAT,35.51527033691149,47.838575933594896
VRRQHTKDTV,GTACGCCGTCAGCACACTAAAGATACTGTG,34.316744519716245,38.9360733216646
EGNSHDHQSF,GAAGGCAACAGTCACGACCATCAGAGTTTT,35.99421468583246,35.926361555034084
FDKSGRCLSV,TTTGATAAATCGGGCCGTTGCCTATCCGTC,37.21115406374397,39.790202597715506
TLFRWNLWYE,ACTCTGTTTCGCTGGAACCTGTGGTATGAA,33.69777877468249,41.3036913310718
CDMTCGVVCI,TGCGATATGACCTGCGGCGTGGTATGCATC,31.78628308614717,38.94317858899185
MFPADVVKPR,ATGTTTCCGGCTGATGTGGTAAAACCCCGG,36.40842461982128,39.959180049978336
RCAAIRRNAQ,CGCTGTGCGGCGATTCGTCGTAACGCTCAG,31.812334948134183,29.215364869378707
VPHVIEGSSL,GTTCCTCACGTCATAGAAGGGTCATCTCTG,39.32222818380068,44.05881678714647
ALRSDGVYPV,GCTTTGCGCAGTGACGGAGTATACCCGGTT,39.92759774758731,44.34932063878633
ISKLVQGFDN,ATTAGCAAACTGGTTCAGGGGTTTGATAAT,37.98827532282218,0
NEQITCCSIH,AATGAACAGATTACATGCTGTAGCATTCAC,34.46088180641784,34.23065433519455
NTWRDSSLVL,AACACTTGGCGGGATTCGAGCCTGGTTCTG,34.719237952055074,34.541481969918785
VSDMRQVTLQ,GTAAGCGACATGCGTCAAGTTACGCTGCAA,38.58114597711255,38.27568113098035
YDGGEWPVPS,TACGACGGCGGCGAGTGGCCAGTGCCGAGC,35.0514182247093,39.64911092642722
AAVPYWYGRL,GCGGCCGTGCCGTACTGGTACGGCCGGCTT,36.46004340152277,48.19106903186133
APAFRCSDCS,GCGCCAGCTTTTCGTTGCTCCGATTGTTCC,35.11540186874401,38.51478337980085
AALIHAYWRC,GCCGCCTTGATTCATGCATATTGGAGGTGT,37.037297366789936,0
SHCSEKAAAG,AGCCATTGCTCAGAAAAAGCAGCAGCGGGT,34.384151674930955,38.34161299651555
PWGLNTFDVG,CCATGGGGTCTGAACACGTTTGATGTGGGC,33.94982443818015,43.61182170538184
IEYVHWGVIS,ATCGAATACGTTCACTGGGGCGTCATCTCG,33.47992507691285,38.200417138718485
WHPFRVYKYT,TGGCATCCGTTTCGTGTATATAAATACACC,33.55510161062114,43.49376501813906
AIWPWSLVDS,GCAATCTGGCCGTGGTCTCTGGTAGATAGC,34.27924744367867,33.27959500504592
YVPKLTMEWE,TATGTGCCGAAACTGACCATGGAATGGGAA,32.11508276659716,0
AADTDFAQIC,GCGGCAGATACCGATTTCGCGCAGATTTGT,33.03082262598067,44.676756873376625
YKRCAAHKWK,TACAAACGGTGCGCCGCCCATAAATGGAAA,34.177627813504856,41.099539562214694
GHASPCCIRE,GGCCATGCTAGCCCGTGCTGCATTAGAGAG,35.76621522839411,35.847036598726994
DCGSFRCTLA,GACTGTGGTAGCTTTCGCTGCACTCTGGCC,34.92181084751919,40.77812781820381
KGVFEVHKHV,AAAGGTGTGTTTGAAGTCCACAAGCACGTG,35.10994630179206,43.287457728186986
AEINAPRLYI,GCGGAAATTAATGCACCCCGCCTTTATATT,36.39791179274451,38.98814989696083
ARVRSLEPMY,GCACGGGTGCGTTCCCTGGAACCGATGTAT,33.61467096337866,0
FYIWFAFLPS,TTCTACATCTGGTTTGCCTTTCTGCCGTCA,34.379109306759155,41.67950735008865
EHESSRNGET,GAGCATGAGAGCTCTCGCAACGGTGAAACG,35.25481882064124,34.428367347658416
HSDYCWKFYV,CATTCTGATTATTGTTGGAAGTTCTACGTT,35.482358626695735,44.95863213560834
FQVVGNSLEC,TTTCAAGTTGTGGGGAACTCACTGGAATGT,34.44751958245728,41.35039429330325
EITLKAGQVC,GAAATTACACTTAAAGCGGGCCAGGTTTGC,35.46318366839198,46.79274003166345
CMPWQYTVLM,TGCATGCCGTGGCAGTATACAGTCTTGATG,34.83151283956264,35.26805938389228
GHNSVINAHK,GGGCATAACAGCGTTATTAACGCGCACAAA,33.03391147732512,38.337642030555095
WDACFRCNQV,TGGGACGCGTGCTTTCGGTGTAACCAGGTT,36.0716273941498,38.412641172814006
SALGMQVTCD,TCGGCGCTTGGTATGCAAGTGACATGTGAT,38.430659681738746,0
IYPMEAHWYC,ATATATCCAATGGAAGCTCACTGGTACTGC,36.341848507681846,0
KAVRCNAFDK,AAAGCAGTCCGCTGCAACGCATTTGATAAA,32.435043136914125,31.18464210080106
GYWLGRNAHT,GGATACTGGTTGGGACGTAATGCGCACACC,36.26754407162144,37.22670690191864
PTDSWKQAFA,CCAACAGACTCCTGGAAACAGGCATTTGCC,37.56752326478801,0
HTGRLSVVGH,CACACGGGTCGTCTGTCGGTTGTCGGCCAT,34.975002788624565,36.832000509339146
KWFRGHSNPC,AAGTGGTTTCGCGGACACAGCAACCCTTGC,39.20627849429008,0
FYGYGHRNQC,TTTTACGGCTATGGCCATCGCAATCAATGC,33.45250302712431,34.685321239019665
SNFATGWRHV,AGCAACTTTGCAACCGGCTGGAGACATGTT,36.641133304725734,37.59218094182043
CGNKITLLWG,TGTGGCAATAAAATTACGCTGCTGTGGGGA,34.87281785696366,36.43550887883471
HDRCDRDTWL,CACGACCGATGCGACCGCGATACTTGGCTG,37.21832248643588,42.38971179189762
GRSPVCIHWL,GGCCGCAGCCCCGTTTGCATCCATTGGTTG,32.98802983816137,37.477274811165024
PHVDSGGRCI,CCGCACGTGGATTCCGGTGGGCGCTGCATT,36.73559380281815,39.02244695701644
YKSKFTALSC,TATAAATCAAAATTCACTGCGTTGTCTTGT,36.70088597913158,41.052733075948815
PQVLDCYEIE,CCCCAGGTGCTGGATTGCTATGAAATTGAG,32.66365215993793,0
QQTDQRAVKF,CAGCAAACCGACCAACGCGCCGTGAAATTC,33.99385190145317,43.58866723924871
ARDLAVKLNA,GCTCGCGACCTGGCTGTCAAACTGAATGCT,36.16561218431262,41.748592232290186
KDMTCYKSPL,AAGGACATGACCTGCTACAAATCCCCACTT,34.60483341222762,38.48395084015322
NTLPKGYHRA,AATACGTTGCCAAAAGGTTACCATCGCGCT,37.77229583457253,39.842828803589114
NALPVCPTDY,AACGCGCTGCCGGTTTGTCCGACGGATTAT,32.230617580602015,38.81761870576364
DYHSSPVLYY,GATTACCACAGTAGCCCAGTACTGTACTAC,37.515315185752534,39.72999036223175
ALCGLSGCVY,GCTCTTTGCGGCTTATCTGGCTGTGTCTAT,39.6268602725416,44.4260719763845
LCAGASFYTK,CTGTGTGCGGGAGCGAGCTTTTACACCAAA,34.93972988878901,44.61737618616603
CVAQIIYFGD,TGCGTAGCCCAAATTATTTATTTTGGCGAT,36.055812509496604,36.85890146556845
GSLCYNARHF,GGCAGCCTGTGCTATAACGCCCGTCATTTC,33.45076987563576,39.97601198047083
ERGSAKGLNC,GAGCGCGGCAGCGCGAAAGGGTTGAACTGC,38.30784133283414,35.18104041779202
LMENFDYKRT,CTGATGGAAAATTTTGATTACAAGCGAACC,37.765033523342844,43.635569295025526
PTDAGVGSIS,CCGACCGATGCCGGTGTGGGGAGCATTTCG,35.73192492018923,36.55256360793456
YSSWRITPVR,TATAGTTCCTGGCGCATTACGCCGGTGCGT,33.21955872953152,37.80051583304823
KLEFRGWRAG,AAATTGGAATTCAGAGGCTGGCGGGCTGGC,37.69434465889117,33.07373364888131
GAFPLLEKSV,GGCGCGTTTCCCCTACTCGAAAAATCCGTG,37.74527717502269,42.016755526477
DLWKNQSGVP,GACCTGTGGAAAAATCAGTCAGGCGTGCCA,36.94054160298456,40.351853196582525
KQSPVVSLEC,AAACAATCACCGGTCGTTAGTTTGGAATGT,36.47198275707511,38.56520431485583
EFGVGHKLTM,GAATTCGGTGTGGGCCATAAATTGACGATG,32.29813417642163,33.72258989292907
VDCYMQPCCH,GTAGATTGTTACATGCAGCCGTGTTGTCAT,33.489506981689765,48.83473908675564
SVCHAFGEYT,TCGGTCTGCCATGCCTTCGGCGAATATACT,34.414883688603375,45.413662975226735
LERIVGWQHV,CTGGAGCGTATTGTGGGATGGCAGCACGTG,37.41968438715587,0
KLMIRCSSLV,AAATTGATGATTCGTTGCTCTAGTTTAGTA,34.819161607249264,0
WFYLVKSAKC,TGGTTTTACTTAGTTAAATCTGCGAAATGC,34.993304595225105,0
CSALPQTGTV,TGTTCTGCCCTTCCACAGACCGGCACGGTT,35.569285390269506,47.07896133433784
TPCTGVVVRL,ACCCCATGCACCGGCGTGGTCGTACGGCTT,38.14885986770247,41.275789464524756
FGVAWHVHTC,TTCGGAGTGGCATGGCACGTCCATACTTGC,37.36749356005098,33.61939847818165
YTVPSCNARP,TATACGGTGCCGTCATGCAACGCGCGTCCT,34.071917452120445,27.242848021233375
RLTCTVRPES,CGTCTGACGTGTACCGTCCGCCCTGAGTCA,36.308418718827724,38.83823754293645
NAAIGDRHFS,AATGCGGCCATCGGTGATCGTCATTTTTCG,34.287371605085696,40.34822896202657
KSHWKSRNTA,AAATCTCATTGGAAAAGTCGTAATACAGCA,33.41795305575647,31.428545208126945
KAGHEHRNLK,AAAGCAGGGCACGAACATCGTAATTTAAAA,34.12252529705959,50.68602271485371
EMATAAKLCT,GAGATGGCGACCGCAGCCAAGCTGTGCACG,34.63084633509827,39.86668194
EKRNHKYVSP,GAAAAACGTAATCATAAATATGTAAGCCCC,34.44002857327887,44.42065971186039
VPSRSYADTD,GTTCCCTCCCGCTCTTATGCCGATACTGAT,37.25446119859061,39.35498061094594
LPGMPHFYVS,TTGCCGGGGATGCCGCACTTCTACGTCTCC,38.16910254497071,41.69902218648376
VRHIMRPRSR,GTTCGTCATATTATGCGTCCTCGGAGCCGC,34.63918504251074,30.470703476391183
TLTVAEYESP,ACCTTAACGGTAGCAGAGTATGAGTCCCCT,38.50534652081213,38.263515078121145
VYNKLGWPST,GTATATAACAAACTCGGTTGGCCGTCGACC,38.928589507010074,46.66859656451399
AGSSSLLDDY,GCTGGCTCATCGAGCTTGCTGGACGATTAC,37.096986714139646,39.22217005864136
HWHITHGYDN,CATTGGCATATCACCCACGGCTATGACAAT,35.82403582306224,41.9782508921525
HQYPSAPTLN,CACCAATATCCTTCCGCTCCAACCCTAAAT,39.95390009596301,52.89733123352311
QIGEQIPMHP,CAGATCGGAGAACAGATTCCAATGCATCCG,32.01340382516034,38.04867666551861
EIKARRRIEG,GAAATTAAAGCGCGCCGTCGCATCGAAGGT,32.513075231736856,37.982576716979175
MVFRSRHPDL,ATGGTCTTCCGATCGCGCCACCCGGATCTG,34.50799352331462,30.225934875719332
FVGSLHWECC,TTTGTGGGATCGCTCCACTGGGAGTGCTGT,36.53504298517777,42.01121098343177
ADTPHRHVCD,GCGGACACGCCACACCGCCATGTCTGCGAC,36.6277326516758,43.21389761665348
DLHIQPRFRA,GACCTGCACATCCAACCTCGCTTTCGCGCG,35.93993364610636,38.40561001543811
WGEISHWLRV,TGGGGTGAGATCTCACATTGGTTGCGTGTG,34.267535429910616,39.59310648625974
HWQGWRNSEF,CATTGGCAGGGTTGGCGTAACTCGGAATTT,31.669282193095015,36.06898042792239
YSKLEGVSVM,TACTCCAAACTGGAGGGCGTATCAGTTATG,35.762228267337576,37.37067223063445
QSTVGCQILS,CAAAGTACGGTTGGCTGCCAGATCCTGAGC,34.749516598387764,38.73244120294269
AALGVGRRTM,GCGGCACTCGGGGTTGGGCGGCGTACAATG,39.43922409041728,43.40337546843764
WPADCMLNQS,TGGCCGGCAGACTGTATGCTGAACCAATCA,33.8658407144653,37.752281216350525
PIACQYALWP,CCGATTGCGTGTCAGTACGCGTTATGGCCG,35.21247759197941,0
DLRFVSPWRF,GACCTGCGCTTCGTTTCCCCCTGGCGCTTC,34.72678474237327,40.71197186546749
NDCDVYWRCH,AATGATTGCGACGTATACTGGCGCTGCCAC,33.514000683681495,34.10196541272313
YARFPVESVG,TATGCTAGGTTTCCGGTGGAGAGCGTTGGT,37.00844172820874,37.6745667878139
MQIQSWPRNY,ATGCAGATCCAGTCGTGGCCGCGGAATTAC,33.230912407800105,0
FSSHCTIQLP,TTCAGCTCGCACTGTACCATTCAGTTGCCA,38.30884318695898,43.973987279285225
VHVVVYARYT,GTCCACGTTGTCGTATACGCTCGATATACC,40.41241691945234,43.29174483002812
LNSQATAQCY,CTGAACTCGCAAGCCACCGCCCAGTGCTAC,35.02872601967726,34.86851599980883
PQRHGFQIWL,CCGCAGCGGCACGGTTTCCAAATCTGGCTG,35.4030072258168,44.56973345934809
VRITSVEVGN,GTCCGTATCACGAGTGTTGAAGTTGGGAAT,36.30265159545753,47.560028277888165
TCSLSEQGCC,ACGTGTTCGCTGAGCGAACAGGGGTGCTGT,34.28121625848035,45.71115356007157
STSPAQTREY,TCGACGTCGCCTGCACAAACTAGAGAATAC,40.02847436876709,43.42907566551412
FLVGVVSRSG,TTCTTAGTGGGCGTGGTCTCTCGTAGTGGC,36.8987076979026,33.93331272600875
NSSTVYWYRC,AACTCCTCCACCGTCTATTGGTATCGTTGC,33.89196672140811,41.373680472117755
VSIPEFTRRV,GTATCGATTCCCGAGTTCACCCGTCGTGTA,39.86271971055428,45.627690129384895
YKARNRCSRP,TACAAAGCACGCAACCGTTGTTCCCGGCCC,34.72067914198672,37.04586183948213
LVCVARVVPA,CTGGTATGCGTGGCACGTGTCGTGCCGGCC,35.20635879854817,35.10468131828075
VPCCCQAVGF,GTTCCTTGCTGCTGTCAGGCGGTTGGCTTC,36.11459712618794,42.135099044848324
YWRARFGEQA,TATTGGCGGGCAAGATTTGGAGAGCAGGCG,36.550323113116484,41.56812066715865
IRICKRRYCI,ATTAGGATTTGTAAGAGAAGATACTGTATT,44.05595443057731,45.59796665879089
QLRETDCPSY,CAGCTGCGCGAAACAGATTGCCCTTCTTAT,36.20117075714781,48.42061825518681
SSYCDLPQRP,TCCTCGTATTGTGATCTCCCGCAAAGACCG,38.24863431851243,40.04834861837295
PADFYIRLDL,CCGGCAGATTTTTATATCCGGCTGGACCTC,37.415441303405984,40.137265726121754
FPHKSVAKVS,TTCCCGCACAAAAGTGTCGCTAAAGTGTCC,35.87155801385524,40.21839322618308
DHLMQSRELG,GACCATTTGATGCAGAGCCGCGAGCTGGGC,36.97853537794469,40.53958373918629
TVLKTSFRFC,ACCGTCCTAAAAACAAGTTTTCGCTTTTGC,37.473715107852705,35.54655115273856
CHFWISQSSR,TGCCACTTCTGGATCAGCCAGAGCAGTCGC,36.68121043482901,0
QITASYISSC,CAGATCACGGCGAGCTACATTTCGAGCTGT,34.08542283633812,33.36245027409901
ASATCEEVRK,GCGTCTGCAACATGCGAAGAAGTGAGAAAA,40.10670953805341,39.524512149059206
TAEVVSCAHK,ACAGCGGAAGTTGTGTCTTGCGCACATAAA,34.99795209062746,41.984594125835436
DFESAARSCC,GATTTCGAATCCGCAGCGCGCTCTTGCTGC,34.40334321528243,0
CHWRCNKARQ,TGTCATTGGCGCTGCAACAAGGCTCGCCAG,33.0719204255074,38.11295091520621
DRPDCGCKCA,GACCGGCCGGATTGTGGCTGTAAATGTGCC,34.79657126073497,35.006121347265946
HNFGTYRIKE,CACAACTTTGGCACCTATCGTATCAAAGAA,34.870616187501454,41.16303381144974
VYPAPARSPW,GTCTACCCAGCACCTGCTCGTAGCCCGTGG,36.31423516142988,34.819488003137515
QPFCAASRSL,CAACCGTTTTGCGCGGCCTCTCGCTCCTTA,36.64675528567532,35.21728234828815
GHRGFRLSNA,GGCCACCGTGGGTTTCGACTTTCCAACGCT,40.30766460508811,40.179338207355805
MHEKATVYKS,ATGCACGAGAAGGCCACAGTGTATAAAAGC,35.17885640877067,41.36523793156579
WWHWTSSCYL,TGGTGGCATTGGACCAGCTCCTGCTATCTG,34.54152084256923,35.98806500839642
LSAAGEACYV,TTGTCCGCGGCTGGCGAGGCCTGTTATGTG,35.7134754399621,34.931770298742315
SYIRQTGEWT,TCTTATATTCGACAGACTGGAGAATGGACC,37.222098209432936,44.70903595005732
IRNKCDAAPD,ATTCGCAATAAATGCGATGCAGCGCCGGAT,31.164860658023436,33.98122505454405
QIHPLSPSRD,CAAATTCATCCCCTGTCTCCCTCTCGCGAT,35.71034317586826,41.72868398120816
QATLYKQLCE,CAAGCCACGCTGTACAAACAATTATGCGAG,37.844201253674015,39.56531536840801
PRLVRGKFRP,CCACGCCTGGTGCGCGGGAAATTTCGCCCT,35.968890752406786,42.71047525379873
CCCYKAFEIA,TGCTGTTGCTATAAAGCCTTCGAGATCGCC,32.8027980399908,46.23461283526144
SPADADSSFR,TCTCCGGCGGATGCCGATTCAAGTTTCCGC,36.12813987324127,37.50433022885623
FRQCSSVPHG,TTTCGTCAATGCTCATCCGTGCCCCACGGC,37.36482074984773,37.942962099470755
CYLLPWLSPE,TGCTATTTGCTGCCATGGCTTTCGCCGGAG,35.22549395618568,45.79595930226335
HIQSVDSPRQ,CACATTCAGAGCGTGGATAGCCCCCGTCAG,34.65682849038926,39.18873666694854
ECYYCDQSAD,GAATGCTATTACTGCGATCAGAGCGCCGAT,34.37665021227303,36.23893669085321
PMATQLHWLL,CCTATGGCAACTCAGCTGCATTGGCTTCTA,38.219580983079624,39.192136121317525
FPHLTSLNRR,TTTCCCCATCTCACGTCACTCAATCGCCGA,38.9430747676586,40.679468796759664
SYKAGVRQEG,TCCTATAAAGCAGGCGTTCGTCAGGAAGGC,35.05957575327678,32.503001517234026
DNASCDGGCI,GATAATGCTTCCTGCGACGGTGGATGCATT,37.605212474131434,40.15350433147164
FPLYVSHTRP,TTCCCACTGTATGTGTCACATACGCGCCCG,34.826409697461386,39.41084881410304
QICPVPAVRH,CAAATCTGTCCGGTGCCGGCGGTCCGTCAC,32.8110193047688,32.73971954909412
GEYSRGHHPQ,GGCGAATATTCGCGGGGACACCACCCGCAG,34.397606564005294,38.66378867651675
AIALNFRVPR,GCAATTGCGTTGAATTTCCGCGTCCCGCGC,35.87226292441237,41.25152825573686
DGHILWCSLH,GATGGCCATATCCTTTGGTGCTCACTGCAT,34.84313624762202,42.431436704093265
FEVLIHWRRD,TTTGAGGTATTAATCCATTGGCGTCGTGAT,34.5417425881131,33.73427276030636
AENRDCQCCI,GCAGAAAACCGTGATTGCCAATGCTGCATT,35.067572559643445,42.03672612092849
GVIDLRALEK,GGGGTCATTGACTTACGCGCTCTGGAGAAA,37.14633331879688,40.117965569042425
TGTDWRHNAV,ACTGGGACTGACTGGCGCCATAACGCCGTC,34.20544593998015,31.126313344720185
VISLPAGRLS,GTCATAAGTCTGCCAGCTGGTCGTCTCAGC,37.969629631375,45.41319284798718
VCKYDQHAQG,GTTTGTAAATACGACCAACATGCCCAGGGG,35.96916904657656,38.604511522491684
HPKESSSRIS,CATCCGAAAGAATCTAGCAGCCGTATTTCC,33.843481282358205,38.19207717351489
LHWSVFGMHT,CTGCATTGGTCTGTTTTTGGGATGCATACG,36.36279667848857,42.34758601434422
DHVYCCYEVS,GACCACGTCTATTGTTGTTATGAGGTTTCG,35.95118454306039,40.910720680646435
CLSLCPVVPM,TGCCTGTCGCTGTGCCCGGTAGTACCAATG,35.78742202302889,33.85885023210554
AVSHWRPWLR,GCGGTCAGTCACTGGCGCCCTTGGCTGAGG,34.94403741843899,39.20068105990128
GGHITAFECV,GGCGGACATATCACGGCATTCGAATGCGTG,36.35998970773819,42.36305544969812
IGYSASPAFC,ATCGGCTATTCTGCCTCTCCGGCTTTTTGT,36.147831966474435,40.30009256042766
KVSMEVPRPD,AAAGTTAGCATGGAAGTGCCGCGCCCCGAT,34.79784261492473,42.644685809041405
EYISVRSRVC,GAATATATCAGTGTCCGCTCACGTGTTTGC,32.0585990719411,33.719394505285194
ISAVLWPMIK,ATTTCCGCCGTGCTGTGGCCAATGATTAAA,32.14679734266004,37.24992638980097
HKDVGWLWRS,CACAAAGATGTGGGTTGGCTTTGGCGTTCA,32.39199663446316,0
TSCWRIWRDT,ACATCTTGTTGGCGCATCTGGCGCGACACG,34.30288883164219,37.633546905628606
FWRSRRNACI,TTCTGGCGTAGTCGCCGCAATGCCTGCATC,31.797738488711722,35.98604154293847
KYTSHSAHTH,AAGTATACTTCTCATAGTGCCCATACCCAT,36.63519577671772,45.18096532022394
SRIPSRSPHC,AGCAGGATTCCATCCCGCTCCCCACATTGC,38.31660549326129,38.55558704736602
KGGAKEGGWS,AAAGGAGGCGCCAAAGAAGGTGGTTGGTCT,38.14574752192258,38.72464000169744
SPWRNSFALN,TCCCCGTGGCGCAACAGCTTCGCACTCAAT,32.479972795653154,36.87216511145464
LSWSQEALWR,CTGTCCTGGTCACAGGAGGCACTGTGGCGC,36.69313975923919,45.84827031715988
VEGLLSSLGS,GTTGAGGGTTTACTGTCAAGCCTGGGGTCA,38.41869334459262,0
KYKLPMLMQD,AAGTATAAACTGCCGATGCTGATGCAGGAT,30.255703594512358,0
ACTHNTKAHN,GCATGCACTCATAATACTAAAGCCCACAAT,37.71740286054182,37.425680372081075
TEYHSAQCYH,ACCGAATATCACTCGGCCCAGTGTTACCAC,36.601506013481924,37.08607821397716
EFAVNLCVSL,GAATTCGCGGTAAACCTCTGCGTTAGCCTT,36.638874338825836,39.45700110309922
HHSCVSSLPR,CACCATTCGTGCGTGTCATCTCTGCCGCGC,33.47102987425153,34.65870999902864
DCCKALPCVV,GACTGTTGCAAGGCACTGCCGTGCGTAGTT,33.982908364295625,36.65887604602796
TRRRRSLPYM,ACTCGTCGGCGCCGCAGCTTACCGTATATG,36.34086263455975,0
MARVEGRVFW,ATGGCACGTGTGGAAGGACGTGTGTTTTGG,34.16141929396021,39.28820863355491
WRSHAACYRR,TGGCGTAGCCACGCAGCGTGTTATCGACGC,33.01881322345178,44.040296772854546
DHSVIELVGG,GACCACAGCGTTATTGAACTGGTTGGCGGT,35.83452920459887,38.37446581670883
LNIRKISLCG,TTAAACATACGTAAGATTTCCCTTTGTGGC,39.49800333385824,46.47283702654833
PCIGHKAVLW,CCGTGTATCGGGCACAAAGCGGTACTGTGG,33.313213700477725,39.27157888388459
WYTWSDARQW,TGGTACACTTGGTCGGATGCGCGGCAGTGG,37.651760550890515,42.023598965921984
AQFGTLHRSA,GCGCAGTTTGGCACTCTGCACCGGAGCGCC,34.76155967261763,33.00017625570047
IPHYSEVSPG,ATCCCACACTATTCAGAAGTAAGCCCAGGC,39.13557616962323,49.55325365115636
SGFALSSVRQ,AGCGGATTCGCACTGTCATCGGTACGCCAG,37.728037326825046,32.50432002150226
GEKIGMIEYS,GGTGAGAAAATCGGAATGATCGAGTATAGT,35.26090958014568,0
FAVKFGVIRL,TTCGCTGTTAAATTTGGCGTCATCCGCTTG,33.076086815077026,40.48340938628808
NHKSPECAHN,AATCACAAGAGCCCCGAATGCGCACATAAT,35.92926461648958,43.684123818485865
NSVCTCNQEC,AACTCCGTCTGTACGTGCAATCAAGAATGT,35.72801725259842,0
EVLLGCSHAR,GAAGTGCTGCTCGGCTGTTCTCATGCCCGC,35.248275139243326,39.542283374683365
PPDYIHCKST,CCGCCCGACTATATACATTGTAAATCGACC,40.0112729446797,38.213296850302875
YAPQRVRSHV,TACGCACCGCAGCGTGTTCGTTCCCATGTT,33.739962415012904,33.75213756025955
HWRSLVHLIP,CACTGGCGGAGCCTGGTGCACTTGATCCCC,34.699519209091704,31.76047882889804
WPQYYVKQDT,TGGCCCCAGTACTATGTGAAGCAGGATACA,35.84930329911083,0
ISDCSRRDTS,ATCAGCGACTGTAGTCGTCGAGACACGTCA,37.45965772650235,33.9637836621369
HTFAVIGECS,CATACTTTCGCTGTGATTGGCGAGTGCTCT,34.04928063749358,38.38818169899733
KVHFCLKAVR,AAAGTGCATTTTTGCCTGAAAGCCGTGCGC,32.74696903713434,35.39088755480908
HPWQHILVCN,CATCCCTGGCAACATATATTGGTCTGCAAT,35.91875833645562,40.327247610126236
QRSSFAATSV,CAGCGTAGTTCCTTCGCGGCGACCAGTGTT,33.512217175319485,30.938696350076984
IYSDTSNTVL,ATTTATTCAGACACCAGCAACACAGTGCTG,35.382929289437186,37.410586831242924
GVRGVSRVSP,GGCGTGCGCGGCGTCTCACGTGTTTCACCT,35.13449396523669,38.18779309921148
QINSQRNSAQ,CAGATTAACTCGCAAAGGAATAGCGCACAA,36.67203121001061,44.31738900165358
GSCDPSLMCD,GGGTCTTGTGACCCTTCATTAATGTGTGAT,37.667611993138074,38.903529330061765
DLRARIKTVL,GATTTGCGCGCCCGCATCAAAACAGTGTTG,36.652852532366005,39.44356477056012
FARFAMHMTL,TTTGCGCGTTTCGCAATGCACATGACTCTA,37.76795510926222,0
FRDVRSRRHA,TTTCGTGATGTACGGTCACGTCGCCACGCC,34.386563421101684,33.75093972658202
WPVLYWEIRF,TGGCCGGTTCTGTATTGGGAAATACGCTTC,32.778246196719266,47.94037372576978
QVQHWCKSST,CAGGTACAGCACTGGTGTAAAAGCTCGACG,34.94596987423347,0
TFVAPSFSKS,ACCTTCGTGGCCCCCAGCTTCAGCAAGTCG,38.87773364680944,43.90290741392275
KYSLVRSFAA,AAATACAGCCTGGTCCGTTCGTTCGCGGCC,31.480332596487706,31.7245336464898
GTLRNQHWDQ,GGTACTCTGCGTAACCAGCATTGGGACCAG,32.72758185813234,39.13099012874045
MSLRQLSNSV,ATGTCACTCCGTCAATTATCCAATTCTGTT,38.37069168346993,44.83968608564205
VKGYRRIAAR,GTCAAAGGCTACCGCCGTATCGCGGCACGC,34.32263401219411,35.05563773633827
YEYYLRGVRH,TATGAATATTACCTCCGTGGTGTTCGCCAT,34.581742624631055,0
GVLIVKGAGG,GGCGTTCTGATTGTCAAAGGTGCAGGTGGC,36.04248375529712,37.87245692437915
RSTVRAHHFQ,AGAAGTACGGTCCGGGCGCACCACTTCCAA,38.75013602409433,0
LFSVCTCDSS,CTGTTCAGCGTCTGTACCTGCGACTCCTCC,35.121758037204884,30.091652994670362
YSLPFGEFGR,TATAGCCTGCCGTTTGGTGAATTTGGTCGC,30.902630875156007,44.716312492313186
QLARQSCDVS,CAGCTCGCCCGACAGTCGTGCGATGTATCT,38.41091864002266,39.20575478045592
HAVICIIGTC,CACGCGGTAATTTGTATTATTGGTACCTGC,33.61985266616559,36.658842859316344
QISSQDMVEN,CAAATCAGTTCGCAGGATATGGTGGAAAAT,35.66523489329139,43.98856659774035
ELLSDYATCI,GAACTGCTTAGTGATTATGCCACGTGTATC,35.93498869463007,38.1753605126196
TSRSCDVVLC,ACCTCACGCTCGTGCGACGTGGTGCTGTGT,32.523208491241135,29.22521431804097
VHSVGYLFVR,GTCCATTCAGTCGGTTACCTGTTCGTCCGT,37.7610689985333,43.941717888561364
IEDYRPSLPW,ATTGAGGACTACCGCCCCTCCCTGCCCTGG,36.65963645544586,44.7860156112242
HKLPFPFFHL,CACAAGCTGCCGTTCCCATTCTTCCATTTA,38.96585442522753,41.22856706918143
GYKDWQQTCP,GGGTACAAAGATTGGCAGCAGACCTGTCCT,33.156490365328715,49.51857030380076
TLPVPMIYRI,ACATTGCCGGTCCCTATGATTTATCGTATA,37.61231311019165,0
QIRGLFAPTD,CAGATTCGGGGTCTTTTCGCCCCGACGGAT,35.60985572197965,37.468865786895165
TWLKPFMHKC,ACGTGGCTGAAGCCGTTCATGCATAAATGT,36.82244586120931,0
QIWQTLRQIF,CAAATCTGGCAAACGCTGCGTCAGATCTTC,34.32503184835934,38.93635866117229
EAHIILEFGT,GAGGCTCACATTATTCTGGAGTTTGGCACG,35.13431249416896,32.56338871449774
ACYIKFGRRT,GCCTGCTACATCAAATTTGGCCGGCGCACT,34.61191272746675,41.072737935308915
SSCGHMAPSL,AGTAGCTGCGGCCATATGGCTCCATCGCTC,37.679962183827335,35.74467449895025
CCIQHRITSA,TGTTGCATCCAACACCGCATCACGTCGGCG,34.88163955011261,37.78851217589322
CCNFVIWLRS,TGCTGCAACTTCGTAATTTGGCTCCGCTCG,35.790732277434934,41.65567507046042
TCYPEDGVSS,ACCTGCTACCCGGAAGATGGCGTCAGCAGC,34.05805685907308,39.58256606343995
VQAALESLTF,GTTCAAGCAGCATTAGAAAGCCTTACCTTC,39.01825841534969,39.83643965288899
CGMQAVYVGH,TGCGGTATGCAGGCCGTATATGTGGGGCAC,36.4571335241749,36.90812195575344
RADTSRAKCD,CGCGCAGACACGAGTCGTGCCAAGTGCGAT,35.97669509909479,40.72052541349274
TLLLMSDVRN,ACACTGTTGCTGATGTCAGATGTGCGCAAC,34.59001115417861,37.562916952968784
YTCHQCFAAI,TATACTTGTCATCAGTGTTTCGCGGCAATC,34.97196796005874,37.90120594459061
RAPDVSTGNS,CGTGCCCCGGATGTAAGTACAGGTAATAGT,36.773768265037724,40.332481790048504
IRRSAACLVG,ATTCGACGCTCTGCCGCCTGCCTGGTTGGC,35.400348533114006,33.909438219043835
KLCVDCTLMQ,AAATTGTGCGTGGATTGCACCCTGATGCAG,31.81391707758152,39.73097487343465
EEMLSDPWCY,GAAGAAATGCTTAGCGATCCGTGGTGTTAC,36.52691505858044,0
GWTFSREGCL,GGCTGGACCTTCTCTCGTGAAGGCTGTCTC,36.56629440891272,40.737489591284344
PLESRAVCSV,CCTCTGGAATCGCGTGCCGTGTGTTCGGTA,35.23413605878275,37.91827818959209
YMTGFYYESF,TACATGACCGGCTTTTATTACGAGTCTTTC,35.82728370142014,0
QVMYARRAPV,CAGGTGATGTACGCTCGTCGCGCCCCGGTT,32.921714348163306,36.17554036898935
SVLSSARHCQ,TCCGTGCTGAGTAGTGCTCGACATTGTCAA,38.22899142263922,39.85186640249626
QRVPMFSAAY,CAACGGGTCCCAATGTTCAGTGCAGCGTAC,38.89674172403699,43.7429672660478
CHHEPLRPGA,TGCCATCATGAACCGTTACGTCCGGGTGCG,36.50155370362891,33.386552787918426
VEGVICCAYI,GTAGAGGGTGTAATTTGCTGCGCGTACATC,35.604998880109335,44.47134209301372
DCNSRAPWVV,GATTGTAACAGCCGCGCACCATGGGTTGTC,34.43291498861444,43.07984304765196
RHGDRETWRV,CGTCACGGCGATCGCGAGACCTGGCGAGTT,38.020998387879786,37.56222400418244
YSRTAIDSDG,TATTCGAGGACCGCCATTGACTCAGATGGC,39.00835294527694,46.89822719974576
SCARSCDDSL,AGCTGCGCGCGCAGTTGTGACGATAGTCTG,33.120359024517676,41.43315527232018
VCVIGRYARF,GTATGTGTTATTGGGCGCTATGCGCGTTTT,35.90156901710863,35.677341509454415
DAKGEAVPVM,GATGCCAAAGGCGAAGCGGTGCCGGTTATG,32.84243527276085,39.50852425036546
EHQQLWCCVC,GAACATCAACAGCTCTGGTGTTGTGTTTGT,35.141681372303175,45.14248620635698
MLGSFAWYEW,ATGCTGGGAAGTTTCGCGTGGTATGAATGG,34.0039617897763,0
RHAVCAQTSH,CGGCATGCGGTGTGTGCGCAAACTTCACAT,35.336835588497514,41.97200122630533
QAFPYCRNAE,CAGGCATTCCCTTACTGTAGGAATGCAGAA,40.839002020787916,40.901027393054875
MLTASRQHPR,ATGCTGACCGCATCCCGGCAACATCCGCGT,33.60202445871526,33.470744912661814
HNLEAQRHAR,CATAACCTGGAAGCGCAGAGACATGCCAGG,36.991700908370184,46.97912183746015
WPESLSLTVH,TGGCCGGAAAGCCTGAGCTTGACTGTGCAT,32.86683755787568,31.5244194923179
DDQTVSKPMT,GATGATCAGACAGTGTCGAAACCGATGACC,34.84079863867929,0
RTSIPLRQQL,CGCACCAGTATCCCGTTGCGGCAGCAATTA,38.6919667688133,37.27349330910955
KLPQRISFSL,AAGCTTCCACAGCGTATAAGCTTCAGCCTT,38.581358616926174,42.42282503515973
DTVSPCCVIL,GATACTGTAAGCCCGTGCTGTGTTATCCTG,33.31997152182406,41.81132789924952
KITVTGTPGV,AAAATCACTGTCACCGGAACCCCGGGGGTT,38.507861011361705,41.14569128976074
ICRNNVLSSC,ATTTGCCGTAACAACGTGCTGAGCTCTTGC,36.80385726834673,36.932773383039944
LYLAMECLNL,CTGTATCTGGCAATGGAATGTCTGAATCTC,36.31560025272642,39.72664657800866
MNSLPSWFAS,ATGAACTCGCTGCCGTCTTGGTTTGCCTCT,34.539701493822314,40.04857922271409
PQVQQHSVDC,CCGCAGGTCCAGCAGCATAGCGTGGATTGC,32.45027819976888,39.36454322216037
HQACHVKYAL,CACCAGGCATGTCATGTTAAATATGCACTG,36.4007100464817,35.30170187558737
CKWSEVAVVG,TGTAAATGGTCCGAAGTCGCGGTGGTCGGC,36.75847378117957,40.28404873497265
KQHTDWQTMT,AAACAGCATACAGATTGGCAGACTATGACG,32.59583411415873,0
MAHSSLAGRD,ATGGCTCACTCCTCACTCGCGGGGAGGGAT,40.63354059871911,40.64882790128469
EIKDVRNSLP,GAAATCAAGGATGTCCGCAACTCGTTGCCA,34.66079872129421,31.84075216316687
KADTVFSPDF,AAAGCGGACACCGTTTTTAGCCCTGATTTC,36.33955330711492,46.22646912744268
NKSGSGRQVY,AACAAATCAGGCTCAGGTCGCCAGGTTTAT,37.044525740358104,32.8903779347412
WPEYSWTMIP,TGGCCAGAATATAGCTGGACTATGATTCCA,32.46993169414106,40.10765008866415
QHKSQCDWGK,CAGCACAAATCGCAGTGCGATTGGGGTAAA,32.40195577251372,0
LSQYVYYEYA,TTAAGTCAATATGTTTATTATGAATATGCG,35.934359308715834,39.962766859171765
VICDSYAKAE,GTAATTTGTGATAGTTATGCGAAAGCAGAA,35.07085505729522,0
GCFVYCRPMP,GGCTGCTTTGTTTACTGCCGGCCTATGCCG,39.182452264231216,48.423362744361626
SAKSREIAGY,AGCGCCAAAAGCCGCGAAATCGCAGGCTAT,34.34545037535213,35.12931796566912
ATGVADSTDR,GCGACCGGCGTAGCGGATAGCACGGACCGC,36.80475448762449,45.517213073292346
KQHLSTNCTG,AAACAGCACTTGTCCACTAATTGTACGGGT,39.686816462468165,39.9783173663225
NRPVVHRLDA,AATCGTCCGGTGGTGCATCGTTTGGATGCC,35.48546751840259,30.760709163150306
MLAYGEYRSW,ATGCTGGCGTACGGTGAATATCGCTCGTGG,33.89902002193166,38.274934789172484
MRLPVKASSF,ATGCGCTTGCCGGTGAAAGCAAGCAGCTTC,33.967126081756945,32.010034614129275
CTFGSVRQGG,TGCACTTTTGGGTCGGTTCGCCAGGGCGGG,37.062667119735984,0
MIQGNLSRST,ATGATCCAGGGCAATTTAAGCCGGTCTACG,35.98829778566248,40.95249244455667
TVPRSPHVRP,ACCGTGCCGCGCTCTCCGCACGTCCGGCCG,34.49448726629329,37.47403147268157
IKLVNLWPCW,ATCAAACTGGTCAACCTGTGGCCATGTTGG,33.820570663206766,40.24271775471042
PVVRVPQHSC,CCGGTAGTTCGTGTACCCCAACATTCGTGT,35.862620029978096,37.446297018464065
CYRSSRNKVS,TGCTACCGGTCAAGCAGAAATAAAGTGTCT,37.10274599553841,41.38693184061858
WRNIRKMAAL,TGGCGTAACATTCGTAAAATGGCTGCATTA,33.40576160531696,44.712033205473226
WVDCDYVSLG,TGGGTCGACTGCGACTACGTTAGTCTCGGC,36.82240220650859,0
RLCSTVYTSL,CGATTGTGCAGCACCGTGTATACTTCACTC,39.41066327308351,40.350072982235254
GGWPRAAVEW,GGCGGTTGGCCTCGTGCAGCGGTCGAGTGG,36.085365604205066,45.07910805485378
DSSSISLEIM,GATTCTTCATCTATATCTTTAGAAATTATG,38.78774248278519,47.69167420529557
IICIRLPQQR,ATTATATGCATCCGTCTGCCTCAGCAGCGC,35.02258045177026,36.444999527792014
LRRNTHQAAH,CTGCGCCGTAACACGCATCAGGCGGCACAT,34.71438050248606,45.02517055855854
GRQLGCAVFQ,GGCCGTCAGCTGGGTTGTGCGGTTTTTCAA,35.30979826170787,36.55758733927276
LMVRCVDLLP,CTCATGGTCCGTTGCGTGGATCTTCTGCCG,34.75018247209871,38.30224818504339
AQDWPGDWYK,GCCCAAGATTGGCCTGGCGACTGGTATAAA,33.98152176810617,45.61232215444627
ETFMQYIASV,GAAACATTTATGCAATATATTGCCAGTGTG,35.79380613276837,0
KSIQTFQHHL,AAATCGATCCAGACCTTCCAGCATCATCTT,33.9343694984011,42.7175403876759
RHHINSPSLI,CGTCACCACATTAACAGTCCGTCTCTGATT,34.07327881488295,36.306639130101786
RCIWRNLTSR,CGATGTATCTGGCGCAACCTTACGTCGCGT,35.29961108794664,47.51323348236907
QTDPDVCVSF,CAGACGGACCCCGATGTTTGTGTATCCTTT,36.29661804062265,44.52526494899142
IHTLVRSRSL,ATTCACACTCTGGTTAGATCCCGCTCTCTG,35.08219051752222,35.426611908891566
STMYTDMDVS,AGCACCATGTACACGGACATGGACGTATCC,37.698576538271816,37.745622336545
QVITSNHQCV,CAGGTAATTACCTCAAATCACCAGTGCGTG,35.373489473862975,37.82124482917816
NCTSHFAVRT,AATTGTACATCGCACTTTGCCGTACGTACG,36.47778923228712,34.226290906499464
GHWRSRYALS,GGGCATTGGCGTAGCAGATATGCTTTGAGC,35.87388385244373,39.40375028445838
WRHILRSAQF,TGGCGACATATTCTGCGCTCGGCGCAATTT,33.086798153126615,34.71596044808207
IRSYEFVVCV,ATACGTTCGTACGAATTCGTAGTGTGCGTC,36.379864239644846,45.024004834606856
TRNSSLWSHC,ACGCGTAACAGCAGTCTGTGGTCGCACTGT,35.43034144158384,33.67296580628052
SNCQVCSRQS,AGCAATTGTCAAGTCTGTAGCCGCCAGAGT,36.92854433545321,39.50189274493655
SPQLVLVYWE,AGCCCGCAGTTAGTCCTGGTTTACTGGGAG,35.378732229782855,47.765101350385066
MGARPASNSL,ATGGGCGCGCGTCCGGCCAGTAACAGCTTG,35.74735095061179,39.32832006773665
PDCIILSRSH,CCTGACTGCATCATCTTAAGTCGTTCGCAC,36.487402246851076,35.80329555109436
ECAPEGPLVI,GAATGCGCGCCAGAAGGACCACTGGTGATA,38.10896512565664,46.893607865608296
KPHLSVRLSS,AAACCCCATTTGTCCGTGCGTCTATCCTCC,39.582520570673296,39.37181938563494
VVCVCYECSI,GTGGTGTGCGTGTGTTATGAATGCTCAATC,32.924562977543935,32.89959513385732
YVSVFAARIN,TATGTCTCAGTCTTTGCTGCACGTATCAAC,35.94676989030783,42.0340649456777
RIMVLPVKSP,CGCATTATGGTACTGCCTGTGAAATCGCCC,36.13873718092979,38.36153404937347
TSAFNLCTEK,ACCAGTGCTTTTAATCTGTGCACGGAGAAA,36.47714728532994,37.82198085286215
SSVSSAIIST,TCTTCAGTCTCGTCCGCGATCATTAGTACC,37.8833162663155,42.5558631556087
IYYKIRIKSQ,ATTTACTACAAAATTCGCATAAAATCTCAG,36.810154149706094,44.68519909755065
LCNSHSIIET,CTGTGCAACTCACATTCCATCATTGAAACC,36.03206111483377,40.17563823018432
HEQQHLLPVP,CATGAACAGCAACATCTGCTGCCGGTACCG,31.237153392207734,0
ISAHTSDSLI,ATAAGCGCCCATACGTCTGACTCGCTGATT,37.62259053110612,41.404147211889644
QEHCCGRVCK,CAGGAGCACTGTTGCGGGAGAGTTTGCAAA,38.13983222264819,0
IGGRNRYVLL,ATTGGCGGGCGTAACAGGTATGTGCTCCTC,39.79205270741096,37.414284932890446
VGPQYCAAPV,GTGGGTCCACAGTACTGCGCGGCTCCGGTT,36.86789210386328,0
GCSRRSVMVR,GGCTGTTCACGTAGGTCCGTCATGGTTCGC,36.97752007850591,33.54229422580011
EVPCSDVIAC,GAGGTCCCATGCTCCGATGTAATTGCGTGC,36.1234440981738,35.86562911807846
GHRRGTLRTK,GGCCATCGACGCGGAACCCTGCGCACAAAA,37.46702489121003,38.252603607582294
WTCDGEVSSN,TGGACTTGTGACGGGGAAGTTTCAAGCAAT,34.93241988305474,42.412306656054284
DVVCGQTAFR,GACGTCGTGTGTGGGCAGACGGCCTTTCGT,36.180699274635316,41.29552554436844
WQVHAQQIRR,TGGCAAGTGCATGCGCAACAAATCCGTCGC,32.763151675196646,42.9496432622838
GCTVLNDFQL,GGTTGCACCGTGTTAAATGACTTTCAGCTG,36.37321278324621,40.982909905330665
GKAIVSRSYV,GGTAAAGCCATCGTTTCTCGATCCTATGTT,38.08229143625022,40.47740829651243
LGECQVGGSP,CTTGGTGAATGCCAAGTAGGCGGATCACCG,39.279021951992526,42.95287659903839
DKECCWPVSR,GATAAAGAGTGTTGTTGGCCGGTTTCTCGC,32.26758336757048,30.669978731831762
QFALDCDYGK,CAATTCGCTTTGGATTGTGATTACGGCAAG,37.004926184817016,43.93690520827385
ICAKPTAHDW,ATTTGCGCGAAGCCGACTGCCCATGACTGG,36.354373727258725,41.09490367595103
NKCTLMSKDP,AATAAATGTACCCTAATGAGCAAAGACCCA,39.09468120466176,0
ILKSDGCDLH,ATCCTGAAAAGCGATGGGTGTGACCTGCAT,33.647369355687964,45.125269694195794
YFRSCVIASK,TACTTCCGCTCGTGCGTCATCGCTTCGAAA,37.06450807240513,35.95075244559454
CSKPTCLRVI,TGTAGCAAACCGACATGTCTGCGCGTCATT,35.98962075080088,35.10204976545496
PNSSHVGTSK,CCAAATTCGAGCCACGTGGGAACTTCGAAA,39.611607915145605,38.18148051052363
KEYVKVRASV,AAGGAGTATGTTAAAGTGCGCGCTAGCGTG,34.451552306334946,40.08752763418778
YAVCGTSAPD,TACGCTGTGTGCGGCACCAGCGCCCCCGAT,34.36074862726527,30.31749430782597
LHTEVGHDPA,CTTCATACGGAAGTGGGCCATGACCCGGCT,37.271814398858105,42.62765138734192
IAAPVIVECA,ATCGCCGCCCCTGTTATTGTAGAATGCGCA,35.64057226677669,42.679101561243954
EMSCCIHQDT,GAGATGTCTTGTTGTATACATCAAGACACC,37.9472811884858,42.6209874640285
QHDCWCYTYR,CAGCATGACTGCTGGTGCTATACTTACCGC,34.295694879524966,39.932464118796865
VDADMPNSHS,GTAGACGCCGATATGCCGAATTCACACAGC,37.95711809703287,0
WRCRSPVFQL,TGGCGGTGCAGAAGTCCGGTTTTTCAACTA,37.99109114343473,44.19309908256962
HLESAREGHA,CATCTGGAATCAGCCCGCGAAGGTCATGCC,34.00303441909984,38.72499473015184
LDNKYDAATR,TTAGATAACAAATACGATGCAGCGACGCGC,37.964020955075505,39.13481432099795
FDCYPWPWLV,TTCGACTGTTACCCGTGGCCATGGTTGGTG,33.038448148310984,40.284636214749845
EGTEVRRRSF,GAAGGTACCGAAGTGCGCCGCCGGTCCTTT,33.07281734417858,33.12176110414125
SSRFYAPLSP,TCGTCTCGTTTCTACGCCCCACTGTCCCCA,36.4646016223167,44.761732449603265
MEFGRVNWRR,ATGGAGTTCGGCCGGGTTAATTGGCGCCGT,34.7140016878482,31.228761042402002
GCSPQTSLSD,GGCTGTAGCCCGCAGACGTCGTTGAGCGAT,34.04345695731506,40.26680635027743
SATPWRTIAP,AGTGCAACGCCATGGAGAACTATTGCGCCC,40.660474535646635,50.38648271171528
SRSLVSWNPR,AGTAGATCACTGGTGAGTTGGAACCCGCGT,37.02464287110402,39.71153836860111
AGHEMGEAKF,GCAGGACACGAAATGGGTGAGGCAAAATTT,35.91603476215036,0
LGRAAHFRHT,CTCGGCCGTGCCGCACATTTTCGTCATACC,35.324081084300516,33.756849678994634
PQLFHFGTSV,CCTCAACTCTTCCACTTCGGGACCAGTGTG,38.46337528969267,42.44309965044601
VTSSRVVRSC,GTGACCTCGAGTCGGGTTGTCCGCTCGTGT,36.57791367388808,38.203881698584354
PIAKLNLRSH,CCGATAGCCAAGCTCAACTTGCGCTCCCAT,39.28438589952311,41.459997000957024
ILLYGAVLLL,ATACTACTGTACGGTGCTGTGCTGTTGCTC,39.86420175515186,43.51582917490361
IRNTWRFVIS,ATCCGGAATACCTGGCGTTTCGTCATTAGT,35.11453822691148,41.7846892835244
DTCVATYSAQ,GACACATGTGTTGCTACTTACTCAGCGCAA,39.310482755809794,42.094319449961475
KWGNPENQWY,AAATGGGGCAATCCTGAAAACCAGTGGTAT,36.906808094611456,0
YHWTYWHPCH,TACCATTGGACCTACTGGCATCCATGCCAT,35.204353239292935,43.70750603117702
QRTPCTCYRS,CAGCGTACGCCTTGCACCTGCTACCGTTCG,35.29231965192406,39.08560770633679
NFRFYMILRN,AACTTCCGCTTTTACATGATTCTCCGCAAC,34.10598102800583,0
MLLHSKTGVK,ATGTTGCTGCATTCGAAAACCGGGGTCAAA,35.71196170114709,42.44535890041642
QRTDWTCEMY,CAACGGACCGATTGGACTTGCGAAATGTAC,34.319226390783605,0
FTVRNKDTCT,TTTACAGTCCGGAATAAAGACACCTGTACG,36.19332484651063,37.99965793407581
IRHAIHTEIA,ATCCGCCATGCGATCCATACCGAAATTGCC,33.055116237458634,39.626607914278736
QLWYAFEQIQ,CAGCTGTGGTATGCGTTCGAACAGATTCAA,32.109677175369285,45.62593443718885
FWVCCSFVSR,TTTTGGGTGTGCTGTAGTTTTGTGAGCCGT,34.13024114329832,32.05153188739376
CNCCQLFFLH,TGCAATTGTTGCCAGCTTTTCTTTCTGCAC,38.47366205128261,44.2024479989236
NISGRDGESL,AATATTTCCGGTCGTGATGGTGAGTCACTG,36.4514547283392,37.81538359164036
SPCPKSWRGH,TCACCATGTCCGAAATCGTGGCGTGGGCAT,36.82344913426057,41.61969216907742
WRSFRPEWPC,TGGCGCTCCTTCCGCCCGGAATGGCCTTGC,31.367098229348255,33.80812607528982
FGYAITRRMS,TTCGGCTACGCAATTACTCGGCGTATGAGC,38.86936166440718,38.323602800285315
TFDWYDHTLR,ACCTTCGATTGGTATGATCACACCTTACGG,34.75987535217577,44.82189772212664
DSRGSLCDGL,GACTCCCGAGGTAGCCTGTGCGATGGGTTA,38.11733773051769,38.903431251745886
PCGYWLVWFP,CCTTGTGGTTATTGGTTAGTTTGGTTTCCA,37.05356701305345,39.63364192631277
MTFAQQCAAP,ATGACCTTTGCGCAGCAGTGTGCGGCACCG,30.31933699577821,38.200870590054976
DGEQFVPCTE,GACGGAGAACAGTTTGTGCCCTGTACCGAG,37.53384188448468,32.76938566525279
PFPPQLLPMQ,CCATTTCCGCCGCAGCTGTTACCTATGCAA,36.74322635997399,35.37119548391146
PVHSSHQSSH,CCCGTTCACAGCAGCCACCAATCTTCTCAT,38.40077352020731,40.52313399420387
PRAQHVPMSQ,CCGAGGGCGCAGCATGTGCCTATGTCTCAG,37.248359031070166,43.362565705430484
WIWLLTKAFV,TGGATTTGGCTGTTAACAAAAGCCTTCGTG,35.95283360785053,39.952106204500055
CYTDSIDLPS,TGCTACACAGACAGCATTGACCTGCCCTCT,36.63749455456987,43.62799684855848
RRVSSARMIG,CGTCGGGTAAGCTCGGCACGTATGATCGGA,39.4503541569152,43.49143879837931
PEEFYLGYYV,CCGGAGGAATTCTACCTGGGTTATTACGTT,38.73383895317539,0
SLPQPMPAIG,TCACTGCCTCAACCGATGCCGGCTATCGGC,35.70077635560077,0
PRPDRSPTAA,CCGCGCCCAGACCGTTCGCCGACAGCTGCG,35.594655631828005,35.86816664763352
PHSDCCDNRE,CCTCACTCAGATTGCTGCGACAACCGCGAA,35.57068066135162,41.75022830535836
YKSRACGSSH,TACAAATCGCGGGCCTGCGGTTCCTCTCAT,36.51433782079975,42.38438571001611
DDVPKASSVG,GATGATGTTCCAAAGGCAAGTAGTGTCGGC,37.41633721778257,36.05296723400529
YRCEHVTYLK,TATCGGTGCGAGCATGTGACCTATTTGAAA,39.4194179121791,42.96205365823023
HGVSVPEVIC,CACGGGGTTAGTGTGCCGGAAGTCATCTGC,35.45963164242998,0
MHFNFAIQVR,ATGCATTTTAATTTTGCGATCCAGGTTCGC,34.055805836257704,42.44267956268633
AYVMISLFRI,GCCTATGTTATGATCAGCTTATTCCGTATT,36.25574358703903,44.17199807994374
IWREKGRPQL,ATCTGGCGCGAGAAGGGACGACCGCAACTG,36.02064796861979,49.1021099369005
STSIMAKYGH,TCGACTAGTATCATGGCGAAATACGGTCAC,37.53477412877404,42.189649218335546
EPQGRSWLEL,GAGCCACAGGGCCGTTCTTGGCTCGAGTTG,39.07636608469281,43.20819472880197
EHHWLEKWPL,GAACACCATTGGTTAGAAAAATGGCCTTTA,33.662409683901,43.148186896822736
WRASPHPGAG,TGGCGTGCGTCGCCGCATCCAGGTGCAGGT,34.84630728298012,37.81186238656038
VVAQVACVSP,GTCGTCGCACAGGTCGCATGCGTTAGCCCG,37.24277225115757,41.343879859012155
PVVSLLLVVR,CCCGTGGTAAGCCTGCTCCTGGTTGTACGT,35.52482635034461,37.52845792563175
WIERYYVYSR,TGGATCGAACGTTACTATGTATATAGTCGC,38.44774386848,0
GPRWVLWIAF,GGCCCACGTTGGGTCTTGTGGATTGCTTTT,41.3181070788672,39.909976388944926
FLYIREYKAA,TTTCTCTATATCCGTGAATATAAAGCCGCC,33.3492462898562,39.74179041379606
GFPCVEGHSW,GGGTTTCCGTGCGTGGAAGGTCATTCGTGG,35.02486446312915,33.2943712917776
NLSALLTYIW,AACCTAAGCGCCCTTCTGACTTACATTTGG,38.0384352797339,42.694707095914744
HYGDVIEWLK,CATTATGGTGATGTAATTGAGTGGCTGAAG,36.47974775311865,39.93978754312955
QHTSCSSSCL,CAACATACATCCTGCAGCTCGAGCTGCTTG,35.57492866355007,33.4400837885542
FPVDYEYAVC,TTTCCCGTCGATTACGAATACGCCGTCTGC,33.25689608687904,31.062060500937402
IRVEYHLSAT,ATCCGCGTTGAATATCACTTATCCGCGACG,36.82951283596584,38.826891995828866
DRRAFAAACG,GATCGTCGCGCGTTCGCAGCAGCCTGTGGC,33.76112332179093,37.109215008160966
QYDTHPPSAI,CAGTACGATACCCATCCGCCGAGCGCCATA,36.99351104010916,40.54071819702463
ISIVRAAPVC,ATCAGCATTGTGCGCGCCGCCCCGGTGTGC,33.21072854447316,36.83483847124527
LHQILRYTAP,CTGCATCAGATACTACGTTATACCGCGCCG,37.36012603375863,43.312102948761506
DRSDAQTFRH,GATCGGAGTGACGCGCAGACTTTTCGTCAT,34.63651029195615,33.3320561291584
VWIGSRTCDS,GTGTGGATTGGGAGCCGCACGTGCGATTCA,36.47065233151373,33.78520711112893
IRSRSRTVEA,ATAAGATCACGTAGTCGTACGGTGGAAGCG,36.92376137721876,43.25654787026327
ACDAVMGHES,GCATGCGATGCTGTAATGGGACATGAATCG,37.608727146054164,37.92231124836287
HSRRIHSRSV,CATAGCCGCAGGATCCACTCTCGTAGTGTA,37.568451512330014,36.23233655223199
WRQFQACDTV,TGGCGCCAGTTCCAGGCTTGCGATACTGTT,33.7633963235028,37.68791985652533
DYGHKHWCAS,GACTATGGTCACAAGCACTGGTGCGCGTCG,35.25241848006618,42.73882004556598
KEYEWRAPRS,AAAGAATATGAATGGCGTGCTCCGCGAAGC,31.178348629509543,29.566811987339047
SSCCPFSLRS,AGTTCGTGCTGCCCGTTCTCGCTGCGATCC,38.186551546966484,41.32321066965165
PWEWTFPEVV,CCCTGGGAGTGGACCTTCCCAGAAGTAGTT,35.70255732520101,0
WKFTLCDFQD,TGGAAGTTTACGCTGTGCGACTTTCAGGAC,34.783583840822246,42.316824458063664
SAPLTTLTLL,TCGGCGCCGCTGACGACCCTGACACTGCTA,37.92980539840382,38.517042277466736
FVAGGSVSPL,TTCGTGGCGGGAGGTAGCGTTAGCCCGCTG,36.15709282259256,39.47737962617908
HATAHRLYLL,CATGCAACGGCGCACCGCTTATACTTACTG,37.435754908269764,42.28056629399136
QFAKLPASVR,CAGTTTGCAAAGCTGCCCGCCTCTGTACGC,35.169839403755844,40.14938289713452
RGEVIMYTPS,CGCGGAGAAGTAATAATGTATACGCCTAGT,38.452797515615394,48.58909270802053
DQIAAFYRPC,GACCAGATCGCCGCATTTTATCGTCCGTGT,33.784893851027206,36.66899282067466
PSFQQRFDQA,CCGTCATTCCAGCAAAGATTTGACCAGGCA,39.141160421778906,40.115697611933825
FHMTMTHSLL,TTTCACATGACAATGACCCACTCACTTCTG,38.02572459618474,0
PDLEQISVLW,CCGGACTTAGAGCAAATTAGCGTGCTGTGG,33.47088268391215,0
VLSNSRHKEV,GTTTTAAGCAACAGTCGACATAAAGAAGTT,35.21608769435001,45.523185551460145
TLYAPLISLR,ACGCTGTATGCTCCCCTGATCTCATTACGC,36.699002731008136,41.66006325436817
GSWKECKHDG,GGCAGCTGGAAGGAATGCAAACATGACGGG,37.73578729402459,0
NAAGEYWLVH,AACGCGGCGGGCGAGTATTGGCTGGTTCAC,30.507087446711157,28.81988182633238
EYYCDYTFRA,GAATATTATTGTGATTATACATTTCGGGCA,34.74345992659992,38.29551086829875
HAARCSEVRL,CACGCAGCTCGCTGCTCGGAAGTTCGGTTA,36.47989402768864,43.61430738910931
FVKHHFVYAD,TTCGTCAAACATCATTTTGTTTATGCAGAT,36.17558101626107,41.231594600416635
DSLLPVDLSD,GATTCCCTGCTGCCCGTTGACCTGTCTGAT,34.32936594012091,39.25704557402473
KTLLVSLEYV,AAAACCCTGCTCGTTTCCCTCGAATATGTC,35.101434811764435,38.80416894046768
ADGRRTWRHG,GCCGATGGCCGGCGTACATGGCGCCACGGT,37.170086228964834,35.569282973610356
CSCSRCALNA,TGTTCCTGCAGTCGTTGCGCGCTGAACGCG,32.341718783647735,31.553452398573178
QVPISGCSSP,CAGGTTCCGATTTCTGGCTGTAGTTCACCA,37.80122159302846,34.66385071475064
DHPDHADDHP,GATCATCCGGACCATGCAGATGATCATCCT,34.46677024613843,0
GTAFARALRE,GGCACCGCTTTTGCCCGCGCACTGCGCGAA,34.357936734987874,40.14919200893745
EYISASAFPS,GAATATATCTCCGCGTCGGCGTTTCCGTCG,33.664450951028776,32.3542851765847
YAFGPLLNSL,TACGCCTTTGGTCCACTACTGAATTCACTG,37.207449741460515,41.20618682907847
STANTNAANA,AGTACCGCCAACACTAACGCAGCGAATGCC,41.20801940097916,42.52462224088975
RSSSGSFSSL,CGTAGCTCTTCGGGAAGTTTTTCCTCCCTT,39.58889717616566,40.7893543728036
IPACGDDSLD,ATTCCTGCCTGTGGCGACGACTCTTTGGAT,38.44475588515199,46.758067145968276
ALPRHRNTNT,GCCCTCCCTCGTCACCGTAATACCAACACC,36.92704026644564,41.930562739168906
CDLSHFTDSI,TGTGATCTTAGTCATTTTACGGACTCTATT,36.90215141655551,45.6783239800015
ASCSCCTYSC,GCCAGCTGTAGTTGTTGTACCTATTCGTGT,35.63110839735551,44.59693409995487
KFHYIPLLDK,AAATTCCATTATATTCCACTGTTGGATAAA,35.972403014671,42.211461269621495
VLCCNRHTAS,GTTCTGTGTTGTAATCGCCATACGGCCTCA,34.53442935571161,32.44494498615243
QEQTCQSPVG,CAGGAACAGACATGCCAGAGCCCCGTCGGC,35.666234838741836,43.45925399865016
IRTFYESFEI,ATCCGCACCTTTTACGAATCCTTCGAAATT,33.224791761956816,37.31418742873424
HFYIPQDHIW,CATTTTTATATCCCGCAGGATCATATCTGG,32.19065858031975,40.07587088699369
PAICRNRICV,CCGGCGATCTGCAGAAACCGTATATGCGTT,37.380001263941715,35.61770875087746
RNQRSAGEAI,CGTAATCAGCGGAGCGCGGGCGAAGCAATT,33.9704564774398,32.92054473148174
ECNSSFGEYW,GAATGCAATAGCTCATTCGGTGAATACTGG,31.442260893282487,38.2426033958378
RIRCAHPRNK,CGTATCCGCTGTGCGCATCCCCGTAATAAA,33.840757997695675,34.695205611616245
HVRLFDVVTS,CATGTTAGACTGTTCGATGTGGTCACGAGT,38.342127831786556,38.40331836113583
QVRSWHRPWQ,CAGGTTCGAAGTTGGCATAGGCCGTGGCAG,36.3045512160731,41.16236430976759
GHIPVQHPRH,GGACACATACCGGTTCAGCACCCGCGTCAC,35.49125331445155,41.73470403273857
TSAATKACGK,ACTTCGGCAGCAACGAAAGCGTGCGGGAAG,38.603377983170745,40.140935479621675
HLTLTCTKSQ,CACCTGACGCTGACATGTACGAAAAGTCAG,35.778682731816836,41.692187025752986
WRQSSHETLW,TGGCGTCAGTCAAGTCATGAAACACTTTGG,34.985325683034496,41.1673566782196
CQCDLHRHRH,TGTCAATGCGATCTGCATCGCCATCGCCAC,32.13635717718549,39.84414573321849
CDSAGLLFYI,TGTGATTCGGCAGGCTTATTATTCTACATA,37.56330828340511,39.738358872479886
VYPVHSLSDL,GTTTATCCGGTACACTCGCTATCTGACCTA,41.94864907352146,45.543312840770504
HWRQSRVEFA,CACTGGCGTCAATCACGTGTGGAGTTCGCG,32.77114010752681,31.864730523151405
QITDRIWQTD,CAGATTACCGACAGGATTTGGCAGACGGAT,34.66525387017846,46.88250368183387
WCSPASVKKC,TGGTGTTCGCCTGCCAGTGTAAAAAAATGC,37.716756929171666,0
AARHTARNTV,GCCGCTCGACACACCGCTAGAAACACCGTG,37.27016238992596,45.85737315538002
THEMCVCAAR,ACGCACGAGATGTGCGTATGCGCGGCGCGG,35.87549914778207,37.46249229654651
PLMAGRIGDR,CCGCTGATGGCGGGTCGCATCGGAGATCGC,34.786721049043074,45.567579726529374
CSIEFGLVIM,TGCTCAATTGAATTCGGCCTTGTGATTATG,34.945091292588124,38.64797657521943
LHKAAAAAKG,TTGCATAAAGCCGCCGCGGCCGCTAAAGGT,32.831034475788435,33.25197356525456
IKAPAAPAQA,ATCAAGGCACCTGCGGCTCCTGCCCAAGCG,37.63880032369485,37.4861933548313
APVAISPRCI,GCGCCGGTAGCCATTAGCCCACGGTGCATT,35.74838116897085,37.07441592495459
GRINLNPLRP,GGCCGAATTAACCTGAACCCATTACGCCCG,36.69515390490727,41.6491958358844
AAIARNFEIT,GCGGCTATCGCGCGCAACTTCGAGATCACC,35.425443565621336,41.30324319968325
CGRNRNQTKS,TGCGGACGTAACCGTAATCAAACCAAGTCC,34.92214676243563,36.3061492794746
HSHRVRQHWL,CATTCGCACCGTGTTCGCCAGCATTGGCTT,33.121902951603,29.988847171213646
GKCPLHFPDG,GGGAAGTGCCCCCTGCATTTCCCGGATGGC,37.623151566559315,43.622843350301885
LRSSYIACIT,CTTCGCTCTTCTTATATAGCCTGCATTACA,39.333209199443075,40.071040402268096
KAHVKADLPR,AAGGCCCATGTGAAGGCTGATTTGCCGCGC,35.76057129175533,35.041359830487
KEVLYDPTVL,AAAGAAGTTCTATATGATCCTACAGTCCTG,37.383321870313225,39.83990218343583
WRVCCVRRNR,TGGCGTGTTTGCTGCGTTCGTCGTAATCGC,29.79643997484712,39.498294949751134
IDYSVRTACT,ATTGACTATAGCGTCCGTACCGCATGTACC,35.448656722879015,0
DWSLPLDCSP,GACTGGTCCCTGCCGCTGGACTGTTCACCC,34.63664651177432,42.48972118754003
FSSLHTCMWA,TTCTCATCCCTGCACACCTGCATGTGGGCA,40.00979552236116,0
DMPDSRCGHP,GATATGCCGGATTCCCGCTGTGGCCACCCG,32.340547158948134,0
ASRSWGLSVK,GCTAGCAGGTCTTGGGGGCTGTCGGTAAAG,40.855132737002,45.44054282137866
KPATEQLRFW,AAACCTGCTACCGAACAGCTCAGATTTTGG,38.65756572883984,48.863046902406914
CESFEYVLPW,TGCGAGAGCTTCGAATATGTTTTACCTTGG,35.13049972486703,43.0101009393253
PCECQGTAVI,CCGTGTGAATGTCAGGGCACGGCTGTTATT,35.50988335991745,41.51920045900042
PVPAQVVAGL,CCGGTCCCAGCGCAGGTGGTCGCCGGTTTG,36.72091348745481,38.681788113002966
RSCCGHKFRS,CGTAGTTGTTGCGGGCATAAATTCCGCTCA,32.575099443064225,38.65405074105483
DFELLLTMIV,GACTTTGAATTGCTGCTCACGATGATAGTA,40.082033556389625,0
YIEKAVPVEY,TATATCGAAAAAGCGGTGCCGGTTGAATAT,31.077246456516896,37.352937071697
TALLVAWRCD,ACGGCATTACTGGTTGCGTGGCGCTGTGAC,34.76851950054093,33.749759829012625
ILSWLFRRHK,ATTTTGAGTTGGCTGTTCCGCCGGCATAAA,34.72395557046441,40.15965261718445
CGCREYNQFS,TGTGGTTGTCGTGAGTACAATCAGTTTTCG,37.62432950249454,42.7629058355522
SSLIWSSFGS,TCATCCTTAATTTGGTCTAGCTTCGGCAGC,37.748252981967745,40.33505268852996
CVRTKSVEHS,TGCGTACGCACTAAATCAGTGGAACATAGC,35.438249779747025,38.79049690688888
LKPLSVGTLT,CTAAAACCACTGAGTGTGGGTACTCTGACC,37.567723671689556,44.10843787135927
RSAGCARNSR,CGCTCGGCTGGATGTGCGCGAAACAGCCGA,37.66591022154324,40.59031922805885
YDKFPLIRSC,TATGATAAATTCCCACTGATCAGGTCATGC,35.19835112261666,40.103741108770684
QSSTAFTVGF,CAATCGAGCACCGCCTTTACGGTCGGCTTT,37.382602943645104,35.11253139612005
GTVCTFAFAL,GGGACCGTATGTACATTCGCTTTCGCTCTG,35.7139431751351,33.490054753925435
RHKVTLPVFQ,AGGCATAAAGTGACTCTCCCAGTTTTTCAG,39.14882059947062,42.631439717605446
FCHKFLMLYL,TTCTGCCACAAATTCCTGATGCTCTATCTT,37.30260341566933,44.14714042459969
LTCDYALIAS,CTCACATGTGATTACGCACTGATCGCGTCA,37.15885254161738,37.73855800928289
FAERYKPLHI,TTCGCAGAACGGTATAAACCGCTGCACATC,37.19063284620796,44.132818607689074
YLYSLSRFEG,TACCTGTATTCACTGTCGCGTTTTGAGGGC,35.2287989932009,43.07455833180525
QHFGGSDRVL,CAGCATTTCGGTGGCTCCGATCGCGTCCTG,34.38552728629265,39.90940354193136
SEALEGEAIS,AGTGAGGCGCTGGAAGGAGAGGCCATTAGC,36.972708955741616,36.53676695016859
CDYVMSYVHP,TGCGATTACGTCATGAGCTATGTTCATCCA,34.91860161955642,29.854967373607614
YFYSSLPLPY,TATTTTTACAGCTCCCTGCCTCTGCCGTAC,34.287918591623736,36.55337202896148
REFGKSLVLQ,CGCGAATTCGGTAAGTCGCTCGTGCTGCAG,37.01099025023063,35.72157068701751
PHKSAVECFA,CCCCATAAAAGCGCTGTCGAATGCTTCGCG,35.36035954770805,42.2276602942817
HWTVRSTLWL,CATTGGACGGTTCGTTCAACTCTGTGGCTG,31.7209113893766,35.20080257531069
STEKPLPEVV,AGCACCGAGAAACCTCTGCCAGAAGTTGTA,36.8881831070207,0
QIREAFGPHT,CAAATTCGCGAAGCATTTGGGCCTCATACC,37.24423074829322,42.64726248362112
WRLNGHFKPW,TGGCGTCTCAACGGTCACTTTAAGCCATGG,36.01032147075925,44.12302579787567
ETGVSPIESH,GAAACTGGCGTAAGTCCGATTGAATCACAC,37.05404735109297,44.34230357319926
VMVRRDSVYL,GTTATGGTCCGCCGCGATAGCGTCTATCTC,37.74710491605408,36.6795246046129
MLGEYARVDL,ATGCTGGGCGAATACGCCCGCGTCGATCTA,34.471845183825025,39.36134542665914
FSRNITNAIA,TTCAGTCGCAACATTACCAATGCAATCGCG,35.85984811370352,43.0664032049739
NTDSVVRPQC,AACACCGACAGTGTTGTTCGTCCTCAATGC,34.72619448764296,44.66650200089959
KLRVVCAKAG,AAACTACGTGTCGTCTGTGCAAAAGCAGGT,36.39975029995076,36.20811524606655
FGYIRILKTP,TTCGGTTATATTCGTATCCTTAAAACTCCT,36.50051432784523,38.291325138194416
TYTAAQCEQY,ACATATACAGCGGCTCAGTGCGAACAATAT,36.437489146585015,0
GDCCQVIVKY,GGGGACTGCTGTCAAGTTATTGTTAAATAT,35.42473880232005,39.19588029532012
WSDVCCVYEG,TGGTCAGATGTATGTTGCGTATACGAGGGT,35.574247387894054,45.279240410633385
MVLCPWLVAC,ATGGTCCTGTGTCCTTGGCTGGTTGCCTGT,35.33867464208018,38.05982257180536
NFHVGVAKLE,AACTTCCATGTGGGCGTCGCCAAACTGGAG,35.97968880948309,30.431013434245454
KIRRYPCSVE,AAAATCCGCCGTTACCCGTGCTCGGTGGAA,34.64822571649431,39.08791936526185
MRVRSVIYHY,ATGCGCGTCCGATCCGTGATCTATCATTAT,37.877142080040905,0
KSGHQVSPLY,AAGTCGGGCCATCAGGTCTCACCTCTGTAT,36.55124392162558,40.530097247229776
SSRSAQSTRL,TCTTCTCGGTCCGCGCAAAGCACCCGGCTT,40.8937671684573,42.30306688303301
ASQENGRGCE,GCGAGTCAGGAGAATGGACGTGGGTGCGAA,40.796505484529575,48.50369475298291
EAALQSSAVV,GAAGCTGCATTACAATCATCAGCTGTAGTA,40.02848282232897,43.720370356134836
CCQVEHISNI,TGTTGTCAGGTTGAACATATATCCAATATT,36.7077243891234,42.97703453738397
GSDVKEIVSY,GGTAGTGATGTTAAAGAAATCGTGTCATAT,35.805069804993266,0
NATMQHRNSV,AACGCCACGATGCAACATAGAAACAGCGTG,33.382082245183575,0
FQSGNQHHPK,TTTCAGAGTGGGAATCAACATCATCCGAAG,36.405197228215926,42.34017531124334
SASEVHWIAA,AGTGCGTCAGAAGTCCACTGGATCGCCGCC,36.44004179138113,45.93900698750001
RDCDCNRISR,CGCGATTGCGACTGCAACCGCATCTCCCGC,33.077150971537165,39.54489672287244
GVLKAVILFA,GGCGTGTTGAAAGCGGTAATCCTGTTTGCT,34.008665718150084,36.095318894127146
ARTERHSVFV,GCGAGGACGGAGCGCCATAGTGTTTTTGTG,40.92832188982925,41.830685484637904
MAGRPWRAIS,ATGGCGGGCCGTCCGTGGCGTGCGATATCG,32.37780203033686,36.815342906882734
CYPCPVPTLN,TGCTATCCTTGCCCAGTTCCTACACTGAAC,37.090146035545175,36.36007656699043
ARIICPNSSA,GCTCGCATCATTTGTCCGAATTCATCTGCC,37.963110463091574,37.4059281163033
GTVKPSVRSL,GGCACTGTGAAACCTTCCGTCCGTAGCTTG,35.72354480740346,45.03910171777483
LTAAIVIVCA,CTTACGGCCGCTATTGTGATCGTGTGCGCC,36.5163617756776,33.91388733838042
ICEVMQHWPC,ATCTGTGAAGTGATGCAGCATTGGCCGTGC,30.211121466463673,0
KCHAISSRCG,AAATGCCACGCGATTAGTAGCCGCTGCGGT,33.245366198444394,34.78119739089388
CDDKVQITSR,TGTGATGATAAAGTGCAGATTACATCACGT,33.92728238350862,38.149659952980485
IENQCSLNAS,ATAGAAAATCAGTGTAGTCTGAACGCAAGC,35.09255633879336,36.48841312895333
LVVPLYTIIQ,CTGGTGGTGCCGCTGTACACCATCATACAG,36.13717597412323,39.16704911415141
LPDHVRRLVG,CTGCCTGACCATGTACGCCGCCTGGTCGGT,35.6201812991791,38.591964785571406
SPAGCDLFII,TCTCCCGCGGGATGCGACCTGTTCATTATC,36.687333333286254,41.08287860831621
ERGLLVKGSD,GAACGTGGATTGCTGGTAAAGGGCTCTGAC,40.03485806958817,42.24868012834701
SICLPAQRRS,TCAATCTGTCTGCCAGCACAGCGTCGGTCA,37.6281233306777,39.017657157412295
WGTCYVEVPA,TGGGGAACGTGCTACGTGGAAGTGCCTGCG,34.59863643900777,0
QCFVIEIEYA,CAATGTTTCGTTATCGAAATTGAGTATGCG,34.812821813700786,0
PDWNFRATDT,CCAGACTGGAACTTTCGCGCTACTGACACG,37.68803695310315,46.47570310224259
QLLSILFHIR,CAGCTGCTGAGTATTCTGTTCCATATTCGT,34.21787293950127,35.71397709308431
SREHALSLVK,AGCCGCGAGCACGCCTTATCATTGGTTAAA,37.84337491667875,39.423875533341445
QIGAAFQDTL,CAGATTGGCGCGGCATTTCAGGATACCCTG,32.34784538680829,37.959424973860315
KPSVVRSAPI,AAACCGAGCGTTGTGCGCAGCGCGCCAATA,35.994890222513696,37.72577271200452
IDGYLPMIPQ,ATCGATGGGTATCTTCCAATGATCCCGCAA,37.1652349676075,38.464693659889925
KFPDRAIPVV,AAGTTTCCCGACCGTGCGATTCCGGTGGTT,34.80198141763884,37.52348929516265
WRSLLAVPKF,TGGAGGAGTTTACTTGCCGTTCCTAAATTC,38.54146765848693,40.214913089308155
NPSCLMQDVM,AATCCGAGTTGCCTGATGCAGGACGTTATG,34.23137869735479,40.3049427071718
GTTPSEPALF,GGTACTACGCCTTCAGAGCCAGCGCTGTTC,41.59039421805486,47.503447884113676
HRASTVRYTM,CACCGCGCCAGCACTGTGCGCTATACTATG,36.186292054206646,37.36217638082802
HKHKEIVHWR,CATAAACATAAGGAAATCGTGCACTGGCGT,31.39382733530848,0
CSSPAQTAKF,TGCAGCAGCCCGGCACAGACGGCCAAGTTC,33.51328976454714,40.48692580645328
HYKLSFIRKN,CATTATAAACTCTCGTTTATAAGGAAGAAT,43.29982713477205,46.631284329862815
DLRPLKGHTH,GATCTGCGGCCGCTGAAAGGCCACACTCAT,33.92720168447324,36.029503193831836
EGVISSRYEY,GAAGGCGTCATATCGTCTCGCTACGAATAC,35.28014384753458,40.37940532413504
TFPRCYLWQV,ACATTTCCCCGATGCTATTTGTGGCAAGTG,36.86169129491781,44.437091902091446
FRPAEYVTLW,TTTCGTCCGGCGGAGTACGTCACCCTGTGG,34.04553501788521,37.838462321963604
KSSGSSVYAA,AAGTCATCCGGCTCTAGCGTCTATGCAGCG,37.485190740323986,41.14014575540707
TCSRCSFATV,ACGTGTTCCCGTTGTTCATTTGCAACCGTC,34.16039210064675,30.84807377463091
FLLESRHNPC,TTTCTGCTCGAAAGTCGTCATAACCCTTGT,36.46432801839777,32.81115388495501
EFSCIAMYTF,GAATTTTCATGCATTGCCATGTATACATTT,34.02944266673156,41.46612914810901
TLSCSSSHNS,ACCTTATCGTGCAGTAGCTCCCATAACAGT,35.86870487478071,37.52527149012099
MEQHRFWRNS,ATGGAGCAACATCGTTTTTGGAGGAATTCG,33.49822085737468,0
TATVEAVPCV,ACCGCTACAGTAGAGGCGGTACCATGTGTA,39.28129134806358,42.11121132587405
IGVYKDNHVD,ATTGGCGTTTATAAAGATAATCATGTTGAC,35.87677925011168,0
TSLVLSLNLA,ACTAGCCTCGTCTTGTCGTTAAACCTGGCC,38.633699257433975,38.781847303580044
VLVPLSGRTV,GTGTTGGTGCCGCTCTCTGGCCGCACGGTG,37.08828959243216,45.28975133327039
INACMIPSDL,ATTAATGCGTGCATGATCCCATCGGATTTG,36.02448775443297,0
RSHPQYVPKD,CGCAGTCATCCGCAATATGTTCCCAAAGAC,35.68967508349386,48.54437121602998
VKLRNPKPED,GTGAAGCTTCGTAACCCGAAACCTGAAGAT,37.724930925837384,42.54348809364267
YETSSRRNAF,TATGAAACGAGTAGCCGCCGTAACGCGTTT,32.31485741861711,38.05636205763057
MALHGVREFS,ATGGCGCTCCACGGTGTGCGCGAATTTAGC,34.60172183308168,35.21115829406494
DAGSKGNLYT,GATGCGGGGTCGAAGGGTAACCTGTACACC,36.26947577401274,39.57170402182575
NLVKSRPRSA,AACTTAGTGAAATCACGCCCGCGCAGCGCA,33.239385653333805,32.08464599652671
HHPAVSRNVV,CATCATCCGGCGGTTAGCAGAAATGTCGTC,35.901518159576156,37.309080456190806
TLYGESHWSW,ACCTTATATGGAGAATCCCATTGGAGCTGG,35.375219552350615,37.45784124408829
RNMLVTAVVP,CGTAATATGCTGGTGACCGCGGTAGTCCCG,35.82057579650085,34.33915189682333
VDYWRFRNRR,GTGGACTATTGGCGCTTTCGTAACCGTCGC,31.634006710459825,36.23966129444681
KIGRGSPVIH,AAGATCGGCCGCGGCTCCCCGGTTATCCAT,35.1889454565088,24.91724032573074
SASPKYHKFI,AGTGCCTCACCTAAATATCATAAATTTATT,36.38110791152632,48.85866450497032
YNKSFYIVPR,TATAATAAATCCTTTTACATTGTGCCGCGT,34.692494061941474,36.61527386075175
GRIYSCSEYI,GGTCGTATTTATTCCTGCTCAGAATACATT,33.883576058657006,41.4585488889943
VECIYRNRLP,GTTGAGTGCATCTACCGTAATCGTCTCCCG,36.440980191708526,32.922129088468196
MSVAQHLCVG,ATGAGCGTAGCGCAGCATCTCTGCGTCGGA,36.47812044882708,38.60271754237409
PQFDSNKFAH,CCTCAGTTCGATAGTAACAAATTTGCGCAC,34.45849145689003,36.151746449930435
GNLPVWPWRL,GGAAACCTCCCGGTGTGGCCGTGGCGTCTG,33.03707305977866,38.8020418379038
ESYAAARINA,GAGTCGTATGCGGCAGCGCGTATTAACGCG,34.25625715647188,38.79510485152708
FQDREAVSRR,TTCCAGGACCGTGAAGCCGTTTCTCGGCGT,36.302594333183066,37.03676515218304
WSICGCPRGR,TGGTCAATCTGCGGCTGCCCGCGCGGACGG,37.67279968701747,41.29410132862535
EQPVSVSQRL,GAGCAGCCGGTGTCCGTGAGTCAGCGTTTA,36.18687947656169,39.13112856289736
FHPVLVHNYF,TTCCATCCCGTGCTGGTACATAACTATTTT,36.48072758398039,42.639885284937215
DLVVSRDVRR,GACTTGGTAGTATCACGCGATGTGCGACGC,37.170376369041705,39.901435906283744
LVRYGLCQVP,CTGGTGCGCTATGGTCTATGCCAAGTACCG,38.06593158858693,39.18232400236082
KWVRSWEADC,AAATGGGTTCGTTCATGGGAGGCGGATTGC,35.15035459590971,38.07837709445927
TDSSVKLHVG,ACTGACTCCTCAGTTAAACTGCACGTGGGC,35.53614276283961,40.10817528178788
NSHCFIERHI,AACTCACATTGCTTCATCGAGCGTCATATC,36.93665608927966,37.84976080499233
MSHVCSDCTQ,ATGTCCCACGTGTGTTCAGATTGTACGCAG,36.78479605810231,38.90698316151544
DHPTSCCLPT,GACCATCCAACCAGTTGCTGTCTGCCCACC,35.370934545555045,40.18154665190477
DCGTMFSLPQ,GATTGCGGTACGATGTTCTCACTTCCACAG,35.48768463841795,46.090126381795365
PVITAMESHT,CCAGTGATCACGGCCATGGAATCTCACACC,35.57919962348214,34.8385891587837
NLKLEYWLRV,AACCTAAAACTTGAATACTGGCTGAGAGTA,36.52412954506159,41.952202824944145
GHATVRSVVY,GGCCATGCAACCGTTCGTAGCGTGGTGTAC,33.32080126237058,32.51108653980847
NQLVEKTITS,AACCAGCTCGTTGAAAAAACTATTACCTCA,37.07619150238164,0
LWEGHIMYMA,TTGTGGGAAGGACATATCATGTACATGGCC,34.73147124643093,0
CRIIHHQDKC,TGTCGTATAATTCACCATCAGGACAAATGC,36.841658931330905,40.37836318731334
TNYKIVSPRL,ACCAACTACAAGATCGTCAGCCCGAGGCTG,39.5486383707652,42.80005949304286
DDACTVLWRR,GACGACGCGTGTACCGTGCTTTGGCGTCGT,33.84724334776193,35.057547461013904
WPPSLNSLSQ,TGGCCGCCCTCCCTTAACAGCCTCTCACAA,38.845314826550386,39.51668193913497
IDAFAHECAG,ATCGACGCGTTTGCTCACGAATGTGCCGGG,36.47094743652094,43.324766265028664
PTSKATAFQY,CCCACCAGCAAAGCCACCGCATTTCAATAC,36.89221370246641,40.201825407788924
NFRVCCWHHM,AATTTCAGAGTTTGTTGCTGGCATCATATG,36.20100129073389,0
INQVLPGSKP,ATTAACCAGGTGCTGCCCGGCAGCAAACCA,37.20079930703063,41.083995173701915
LVRQCHFPMC,CTTGTCCGCCAATGCCACTTCCCCATGTGT,36.95447148707721,46.024726370686444
QAVRSVDQSS,CAGGCGGTCCGATCGGTTGACCAATCTAGT,38.71110590854828,39.97304606562395
LAKDKSREDR,CTGGCAAAAGACAAATCTCGGGAGGACCGC,38.704266880889904,43.74104636351825
PLVVAGLRDT,CCGCTGGTCGTGGCGGGGCTGCGGGATACA,37.445170989601735,41.05939496120926
RHFGTVVLFY,CGCCACTTTGGCACTGTGGTTCTGTTTTAC,33.589105470314976,42.60891611467717
PRHLKYSPCT,CCACGTCATCTGAAGTACTCGCCGTGCACA,35.20764848536658,42.60458783733248
RTCGNMCKNS,CGCACCTGTGGCAACATGTGTAAAAATTCG,37.241421142863196,37.814307360739754
FGAHPFYEYE,TTTGGGGCTCACCCTTTTTACGAGTATGAA,35.064514695030084,33.359650289739655
PWKYPSTTLS,CCGTGGAAATACCCCTCAACCACACTGAGC,37.3469551262546,43.292618834305664
PRFDAFAFKC,CCTCGTTTCGATGCCTTTGCGTTTAAATGC,35.11666559397241,35.618881933103246
LPVKHKLMTL,CTGCCCGTGAAGCACAAGTTAATGACCTTA,37.105936659600935,0
QYSECDCVRS,CAGTATAGCGAATGCGATTGCGTGCGAAGC,31.714386780270907,37.718769415014755
FCNLFQSTIY,TTCTGCAACCTGTTCCAATCCACAATCTAC,39.17947306820619,41.05207420695081
DNTDMQSLKD,GATAACACCGACATGCAAAGTTTGAAAGAT,35.26009316975857,41.71984100938039
NSCSVCVPGV,AATAGCTGCAGTGTGTGCGTACCGGGCGTT,33.782871070614256,41.95530006788498
CSVTLTAAAV,TGCTCTGTTACGTTAACTGCGGCGGCAGTG,36.42841387598048,41.600260129289936
IYRPVDPVPH,ATCTACCGGCCGGTTGACCCGGTACCTCAT,38.935083445258684,35.76601454212729
KGRPVRHPSK,AAAGGTCGGCCGGTACGCCATCCGTCCAAA,33.82774947819628,40.9750874093456
EVHRSLCGYA,GAGGTCCATCGAAGTTTGTGTGGTTATGCG,36.880075414791904,38.75615126403489
AHLSAIEAAL,GCGCATCTGTCGGCCATTGAAGCCGCGCTG,33.65310718333256,38.81864028752589
RHAARQVCTR,CGTCATGCCGCTAGACAAGTGTGTACTCGT,37.76743241557276,43.17486354496132
SPLYKVTTAK,TCCCCACTCTACAAAGTTACCACTGCTAAA,40.08609594307896,43.98469525711971
WKAVRHPLEH,TGGAAGGCGGTGCGTCATCCGCTGGAGCAT,32.03837429801282,36.134442865506074
LVCNQTAVLY,TTGGTTTGTAACCAAACAGCGGTCCTGTAC,36.023969554793595,44.81114884497456
SSPRVRIGVG,AGCTCCCCGCGCGTGCGCATCGGTGTTGGT,33.887922825098194,37.67070407098788
NATLWYNAAL,AACGCCACCTTGTGGTATAACGCAGCGCTG,33.70562125934059,41.881741770441074
EVGRSPHFAY,GAAGTTGGTCGCAGTCCTCACTTCGCGTAT,34.2444994339049,34.857243903567884
CCAIRYTVRM,TGCTGCGCTATCCGTTACACGGTGCGTATG,36.04168238295238,39.06740597045344
HVYARLLRAQ,CATGTGTACGCACGCCTGCTGCGTGCACAG,34.706314361631975,36.033142364660506
FRSTSRSYIG,TTCCGTTCCACAAGTCGCTCTTACATCGGA,37.2049639100742,39.25323958736291
RSIHTCVISY,AGAAGTATTCATACCTGCGTCATCAGCTAT,36.85149373304778,43.58567186413492
WRVLHCSGHL,TGGCGCGTGCTTCATTGCAGCGGCCATCTT,34.67982298612907,39.60088010722505
GLFAEKGECS,GGCCTCTTCGCTGAGAAAGGTGAGTGTTCG,37.302629974402336,44.260475869929145
LVHTFALTLY,TTGGTGCACACCTTCGCGCTAACCCTCTAT,37.47352555008024,40.71510714787776
PVVPSIYFGV,CCAGTCGTGCCCAGCATTTATTTCGGGGTA,38.762139218000605,39.90568047549089
HAHALFEFKI,CACGCCCATGCTCTGTTCGAATTTAAAATC,36.07438766650221,42.937319402870614
KSLESEVPDM,AAATCGCTCGAATCCGAGGTCCCGGACATG,36.533116436621306,40.37230321738729
ITTFCVGRSD,ATTACGACTTTTTGTGTCGGCAGAAGTGAT,38.286085046931206,37.016460759462845
YVCVDVRHFY,TATGTGTGCGTTGATGTGCGCCACTTCTAT,31.704205770669883,32.69261323978837
SLITDCCGSR,TCACTTATAACCGACTGCTGCGGCTCTAGA,39.41498258815054,42.17067727213078
EGWKYMCSVV,GAAGGGTGGAAATATATGTGTAGTGTCGTC,35.38917975037181,43.551929435908264
VDLKLGESPQ,GTTGACCTGAAACTCGGTGAGAGTCCGCAG,35.42428179409544,48.55180214280651
WRSAASVRSV,TGGCGTAGCGCAGCGAGTGTGCGGTCCGTC,32.57233305972267,31.455473441203797
ARCDYVPCRI,GCGAGATGCGACTACGTACCGTGCCGAATA,39.9616992590941,42.74768923871671
DVPSHHNPMQ,GATGTGCCGAGCCATCACAATCCTATGCAG,33.47372487730805,37.345729728834655
WRRNLTDRTL,TGGCGCCGTAATTTGACGGATCGTACCCTG,32.2367100239277,40.89853419749979
LDQGSENSSC,TTGGATCAGGGCTCCGAAAATTCCTCCTGT,38.53078666403404,41.39251739428692
PEVVMAVHLN,CCGGAAGTTGTTATGGCGGTTCATCTGAAT,33.1488576798575,0
SSHEKTISAL,AGCAGCCACGAGAAGACGATCAGTGCGTTA,39.372931289829026,0
MSGLTGHLCS,ATGAGTGGACTCACCGGCCATCTGTGTTCT,38.170235780604706,35.603919608085405
HSSPDDWRTS,CACTCATCACCTGATGATTGGCGTACCAGC,33.67163715599694,33.85911462703791
KSWHPSSRVL,AAATCGTGGCACCCGAGTTCGCGTGTCCTG,34.35530084209274,42.51405936123189
FIRQWQFPGA,TTTATTCGCCAGTGGCAGTTTCCGGGGGCC,35.945112277496875,40.62063911504491
YIWKRYAITA,TATATCTGGAAACGCTACGCTATTACTGCT,37.61235008822309,41.4440292418812
DLPKCVVSCC,GATTTGCCAAAATGCGTTGTGTCGTGCTGC,34.10789591278607,34.848701393080034
TPHNLSRSPL,ACACCGCATAACCTTAGCCGTTCGCCGTTA,36.287623163685325,40.70324813733029
MIHCGHQDIS,ATGATTCACTGCGGCCACCAAGACATCAGT,36.16851362841378,44.52060889373381
RFGEYCQRCD,CGATTCGGTGAATATTGTCAACGCTGTGAC,35.21421368163379,36.90644626756834
QFPVCIACSN,CAATTCCCTGTTTGCATTGCTTGTAGTAAC,36.86288691818943,37.176148532466605
FDYRNTADRN,TTCGATTACCGTAACACGGCCGATAGAAAC,36.235840023743854,39.937960986375224
TCSSRNTSFT,ACATGCTCATCACGCAATACTTCGTTTACC,36.41165649708306,38.6020302636774
EIYITVRRLY,GAAATTTACATAACCGTGCGACGACTGTAC,37.2518453171268,43.580309509965225
RKVIIRALNR,CGCAAAGTCATCATCCGTGCTTTGAACCGC,36.858771790493435,35.10922398945092
ACFRKIGRIC,GCGTGTTTCCGAAAGATCGGGCGCATCTGT,39.880510842657095,35.73987342108085
GCIVQSAVQF,GGCTGCATAGTCCAGAGCGCGGTCCAGTTT,38.977221022177936,48.38891830367009
IWRLSAPLPV,ATCTGGCGCCTTAGCGCCCCGCTGCCCGTG,33.64510118279712,39.7086211195321
DSYEQSLRSE,GATTCTTATGAGCAGTCGCTGCGCTCCGAA,34.80365607152052,44.51332183523304
LPFGSLVVRN,CTGCCGTTCGGCTCCCTGGTGGTTCGCAAC,32.97817468930951,35.84331401589682
